Year,Jan,Feb,Mar,Apr,May,Jun,Jul,Aug,Sep,Oct,Nov,Dec,J-D,D-N,DJF,MAM,JJA,SON,5-Year Moving Avg,Month,Temp_Anomaly_x,Season,Temp_Anomaly_y
2015,0.87,0.9,0.96,0.75,0.8,0.81,0.73,0.79,0.84,1.07,1.06,1.17,0.11627906976744184,0.04444444444444451,0.16666666666666652,0.06249999999999978,0.0,0.26315789473684204,0.9,Jan,0.87,Winter,0.85
2015,0.87,0.9,0.96,0.75,0.8,0.81,0.73,0.79,0.84,1.07,1.06,1.17,0.11627906976744184,0.04444444444444451,0.16666666666666652,0.06249999999999978,0.0,0.26315789473684204,0.9,Jan,0.87,Spring,0.84
2015,0.87,0.9,0.96,0.75,0.8,0.81,0.73,0.79,0.84,1.07,1.06,1.17,0.11627906976744184,0.04444444444444451,0.16666666666666652,0.06249999999999978,0.0,0.26315789473684204,0.9,Jan,0.87,Summer,0.78
2015,0.87,0.9,0.96,0.75,0.8,0.81,0.73,0.79,0.84,1.07,1.06,1.17,0.11627906976744184,0.04444444444444451,0.16666666666666652,0.06249999999999978,0.0,0.26315789473684204,0.9,Jan,0.87,Fall,0.99
2015,0.87,0.9,0.96,0.75,0.8,0.81,0.73,0.79,0.84,1.07,1.06,1.17,0.11627906976744184,0.04444444444444451,0.16666666666666652,0.06249999999999978,0.0,0.26315789473684204,0.9,Feb,0.9,Winter,0.85
2015,0.87,0.9,0.96,0.75,0.8,0.81,0.73,0.79,0.84,1.07,1.06,1.17,0.11627906976744184,0.04444444444444451,0.16666666666666652,0.06249999999999978,0.0,0.26315789473684204,0.9,Feb,0.9,Spring,0.84
2015,0.87,0.9,0.96,0.75,0.8,0.81,0.73,0.79,0.84,1.07,1.06,1.17,0.11627906976744184,0.04444444444444451,0.16666666666666652,0.06249999999999978,0.0,0.26315789473684204,0.9,Feb,0.9,Summer,0.78
2015,0.87,0.9,0.96,0.75,0.8,0.81,0.73,0.79,0.84,1.07,1.06,1.17,0.11627906976744184,0.04444444444444451,0.16666666666666652,0.06249999999999978,0.0,0.26315789473684204,0.9,Feb,0.9,Fall,0.99
2015,0.87,0.9,0.96,0.75,0.8,0.81,0.73,0.79,0.84,1.07,1.06,1.17,0.11627906976744184,0.04444444444444451,0.16666666666666652,0.06249999999999978,0.0,0.26315789473684204,0.9,Mar,0.96,Winter,0.85
2015,0.87,0.9,0.96,0.75,0.8,0.81,0.73,0.79,0.84,1.07,1.06,1.17,0.11627906976744184,0.04444444444444451,0.16666666666666652,0.06249999999999978,0.0,0.26315789473684204,0.9,Mar,0.96,Spring,0.84
2015,0.87,0.9,0.96,0.75,0.8,0.81,0.73,0.79,0.84,1.07,1.06,1.17,0.11627906976744184,0.04444444444444451,0.16666666666666652,0.06249999999999978,0.0,0.26315789473684204,0.9,Mar,0.96,Summer,0.78
2015,0.87,0.9,0.96,0.75,0.8,0.81,0.73,0.79,0.84,1.07,1.06,1.17,0.11627906976744184,0.04444444444444451,0.16666666666666652,0.06249999999999978,0.0,0.26315789473684204,0.9,Mar,0.96,Fall,0.99
2015,0.87,0.9,0.96,0.75,0.8,0.81,0.73,0.79,0.84,1.07,1.06,1.17,0.11627906976744184,0.04444444444444451,0.16666666666666652,0.06249999999999978,0.0,0.26315789473684204,0.9,Apr,0.75,Winter,0.85
2015,0.87,0.9,0.96,0.75,0.8,0.81,0.73,0.79,0.84,1.07,1.06,1.17,0.11627906976744184,0.04444444444444451,0.16666666666666652,0.06249999999999978,0.0,0.26315789473684204,0.9,Apr,0.75,Spring,0.84
2015,0.87,0.9,0.96,0.75,0.8,0.81,0.73,0.79,0.84,1.07,1.06,1.17,0.11627906976744184,0.04444444444444451,0.16666666666666652,0.06249999999999978,0.0,0.26315789473684204,0.9,Apr,0.75,Summer,0.78
2015,0.87,0.9,0.96,0.75,0.8,0.81,0.73,0.79,0.84,1.07,1.06,1.17,0.11627906976744184,0.04444444444444451,0.16666666666666652,0.06249999999999978,0.0,0.26315789473684204,0.9,Apr,0.75,Fall,0.99
2015,0.87,0.9,0.96,0.75,0.8,0.81,0.73,0.79,0.84,1.07,1.06,1.17,0.11627906976744184,0.04444444444444451,0.16666666666666652,0.06249999999999978,0.0,0.26315789473684204,0.9,May,0.8,Winter,0.85
2015,0.87,0.9,0.96,0.75,0.8,0.81,0.73,0.79,0.84,1.07,1.06,1.17,0.11627906976744184,0.04444444444444451,0.16666666666666652,0.06249999999999978,0.0,0.26315789473684204,0.9,May,0.8,Spring,0.84
2015,0.87,0.9,0.96,0.75,0.8,0.81,0.73,0.79,0.84,1.07,1.06,1.17,0.11627906976744184,0.04444444444444451,0.16666666666666652,0.06249999999999978,0.0,0.26315789473684204,0.9,May,0.8,Summer,0.78
2015,0.87,0.9,0.96,0.75,0.8,0.81,0.73,0.79,0.84,1.07,1.06,1.17,0.11627906976744184,0.04444444444444451,0.16666666666666652,0.06249999999999978,0.0,0.26315789473684204,0.9,May,0.8,Fall,0.99
2015,0.87,0.9,0.96,0.75,0.8,0.81,0.73,0.79,0.84,1.07,1.06,1.17,0.11627906976744184,0.04444444444444451,0.16666666666666652,0.06249999999999978,0.0,0.26315789473684204,0.9,Jun,0.81,Winter,0.85
2015,0.87,0.9,0.96,0.75,0.8,0.81,0.73,0.79,0.84,1.07,1.06,1.17,0.11627906976744184,0.04444444444444451,0.16666666666666652,0.06249999999999978,0.0,0.26315789473684204,0.9,Jun,0.81,Spring,0.84
2015,0.87,0.9,0.96,0.75,0.8,0.81,0.73,0.79,0.84,1.07,1.06,1.17,0.11627906976744184,0.04444444444444451,0.16666666666666652,0.06249999999999978,0.0,0.26315789473684204,0.9,Jun,0.81,Summer,0.78
2015,0.87,0.9,0.96,0.75,0.8,0.81,0.73,0.79,0.84,1.07,1.06,1.17,0.11627906976744184,0.04444444444444451,0.16666666666666652,0.06249999999999978,0.0,0.26315789473684204,0.9,Jun,0.81,Fall,0.99
2015,0.87,0.9,0.96,0.75,0.8,0.81,0.73,0.79,0.84,1.07,1.06,1.17,0.11627906976744184,0.04444444444444451,0.16666666666666652,0.06249999999999978,0.0,0.26315789473684204,0.9,Jul,0.73,Winter,0.85
2015,0.87,0.9,0.96,0.75,0.8,0.81,0.73,0.79,0.84,1.07,1.06,1.17,0.11627906976744184,0.04444444444444451,0.16666666666666652,0.06249999999999978,0.0,0.26315789473684204,0.9,Jul,0.73,Spring,0.84
2015,0.87,0.9,0.96,0.75,0.8,0.81,0.73,0.79,0.84,1.07,1.06,1.17,0.11627906976744184,0.04444444444444451,0.16666666666666652,0.06249999999999978,0.0,0.26315789473684204,0.9,Jul,0.73,Summer,0.78
2015,0.87,0.9,0.96,0.75,0.8,0.81,0.73,0.79,0.84,1.07,1.06,1.17,0.11627906976744184,0.04444444444444451,0.16666666666666652,0.06249999999999978,0.0,0.26315789473684204,0.9,Jul,0.73,Fall,0.99
2015,0.87,0.9,0.96,0.75,0.8,0.81,0.73,0.79,0.84,1.07,1.06,1.17,0.11627906976744184,0.04444444444444451,0.16666666666666652,0.06249999999999978,0.0,0.26315789473684204,0.9,Aug,0.79,Winter,0.85
2015,0.87,0.9,0.96,0.75,0.8,0.81,0.73,0.79,0.84,1.07,1.06,1.17,0.11627906976744184,0.04444444444444451,0.16666666666666652,0.06249999999999978,0.0,0.26315789473684204,0.9,Aug,0.79,Spring,0.84
2015,0.87,0.9,0.96,0.75,0.8,0.81,0.73,0.79,0.84,1.07,1.06,1.17,0.11627906976744184,0.04444444444444451,0.16666666666666652,0.06249999999999978,0.0,0.26315789473684204,0.9,Aug,0.79,Summer,0.78
2015,0.87,0.9,0.96,0.75,0.8,0.81,0.73,0.79,0.84,1.07,1.06,1.17,0.11627906976744184,0.04444444444444451,0.16666666666666652,0.06249999999999978,0.0,0.26315789473684204,0.9,Aug,0.79,Fall,0.99
2015,0.87,0.9,0.96,0.75,0.8,0.81,0.73,0.79,0.84,1.07,1.06,1.17,0.11627906976744184,0.04444444444444451,0.16666666666666652,0.06249999999999978,0.0,0.26315789473684204,0.9,Sep,0.84,Winter,0.85
2015,0.87,0.9,0.96,0.75,0.8,0.81,0.73,0.79,0.84,1.07,1.06,1.17,0.11627906976744184,0.04444444444444451,0.16666666666666652,0.06249999999999978,0.0,0.26315789473684204,0.9,Sep,0.84,Spring,0.84
2015,0.87,0.9,0.96,0.75,0.8,0.81,0.73,0.79,0.84,1.07,1.06,1.17,0.11627906976744184,0.04444444444444451,0.16666666666666652,0.06249999999999978,0.0,0.26315789473684204,0.9,Sep,0.84,Summer,0.78
2015,0.87,0.9,0.96,0.75,0.8,0.81,0.73,0.79,0.84,1.07,1.06,1.17,0.11627906976744184,0.04444444444444451,0.16666666666666652,0.06249999999999978,0.0,0.26315789473684204,0.9,Sep,0.84,Fall,0.99
2015,0.87,0.9,0.96,0.75,0.8,0.81,0.73,0.79,0.84,1.07,1.06,1.17,0.11627906976744184,0.04444444444444451,0.16666666666666652,0.06249999999999978,0.0,0.26315789473684204,0.9,Oct,1.07,Winter,0.85
2015,0.87,0.9,0.96,0.75,0.8,0.81,0.73,0.79,0.84,1.07,1.06,1.17,0.11627906976744184,0.04444444444444451,0.16666666666666652,0.06249999999999978,0.0,0.26315789473684204,0.9,Oct,1.07,Spring,0.84
2015,0.87,0.9,0.96,0.75,0.8,0.81,0.73,0.79,0.84,1.07,1.06,1.17,0.11627906976744184,0.04444444444444451,0.16666666666666652,0.06249999999999978,0.0,0.26315789473684204,0.9,Oct,1.07,Summer,0.78
2015,0.87,0.9,0.96,0.75,0.8,0.81,0.73,0.79,0.84,1.07,1.06,1.17,0.11627906976744184,0.04444444444444451,0.16666666666666652,0.06249999999999978,0.0,0.26315789473684204,0.9,Oct,1.07,Fall,0.99
2015,0.87,0.9,0.96,0.75,0.8,0.81,0.73,0.79,0.84,1.07,1.06,1.17,0.11627906976744184,0.04444444444444451,0.16666666666666652,0.06249999999999978,0.0,0.26315789473684204,0.9,Nov,1.06,Winter,0.85
2015,0.87,0.9,0.96,0.75,0.8,0.81,0.73,0.79,0.84,1.07,1.06,1.17,0.11627906976744184,0.04444444444444451,0.16666666666666652,0.06249999999999978,0.0,0.26315789473684204,0.9,Nov,1.06,Spring,0.84
2015,0.87,0.9,0.96,0.75,0.8,0.81,0.73,0.79,0.84,1.07,1.06,1.17,0.11627906976744184,0.04444444444444451,0.16666666666666652,0.06249999999999978,0.0,0.26315789473684204,0.9,Nov,1.06,Summer,0.78
2015,0.87,0.9,0.96,0.75,0.8,0.81,0.73,0.79,0.84,1.07,1.06,1.17,0.11627906976744184,0.04444444444444451,0.16666666666666652,0.06249999999999978,0.0,0.26315789473684204,0.9,Nov,1.06,Fall,0.99
2015,0.87,0.9,0.96,0.75,0.8,0.81,0.73,0.79,0.84,1.07,1.06,1.17,0.11627906976744184,0.04444444444444451,0.16666666666666652,0.06249999999999978,0.0,0.26315789473684204,0.9,Dec,1.17,Winter,0.85
2015,0.87,0.9,0.96,0.75,0.8,0.81,0.73,0.79,0.84,1.07,1.06,1.17,0.11627906976744184,0.04444444444444451,0.16666666666666652,0.06249999999999978,0.0,0.26315789473684204,0.9,Dec,1.17,Spring,0.84
2015,0.87,0.9,0.96,0.75,0.8,0.81,0.73,0.79,0.84,1.07,1.06,1.17,0.11627906976744184,0.04444444444444451,0.16666666666666652,0.06249999999999978,0.0,0.26315789473684204,0.9,Dec,1.17,Summer,0.78
2015,0.87,0.9,0.96,0.75,0.8,0.81,0.73,0.79,0.84,1.07,1.06,1.17,0.11627906976744184,0.04444444444444451,0.16666666666666652,0.06249999999999978,0.0,0.26315789473684204,0.9,Dec,1.17,Fall,0.99
2016,1.18,1.37,1.35,1.09,0.96,0.81,0.84,1.02,0.9,0.87,0.92,0.86,0.37209302325581395,0.44444444444444464,0.8166666666666664,0.6666666666666663,0.23404255319148937,0.10526315789473695,0.9550000000000001,Jan,1.18,Winter,1.24
2016,1.18,1.37,1.35,1.09,0.96,0.81,0.84,1.02,0.9,0.87,0.92,0.86,0.37209302325581395,0.44444444444444464,0.8166666666666664,0.6666666666666663,0.23404255319148937,0.10526315789473695,0.9550000000000001,Jan,1.18,Spring,1.13
2016,1.18,1.37,1.35,1.09,0.96,0.81,0.84,1.02,0.9,0.87,0.92,0.86,0.37209302325581395,0.44444444444444464,0.8166666666666664,0.6666666666666663,0.23404255319148937,0.10526315789473695,0.9550000000000001,Jan,1.18,Summer,0.89
2016,1.18,1.37,1.35,1.09,0.96,0.81,0.84,1.02,0.9,0.87,0.92,0.86,0.37209302325581395,0.44444444444444464,0.8166666666666664,0.6666666666666663,0.23404255319148937,0.10526315789473695,0.9550000000000001,Jan,1.18,Fall,0.9
2016,1.18,1.37,1.35,1.09,0.96,0.81,0.84,1.02,0.9,0.87,0.92,0.86,0.37209302325581395,0.44444444444444464,0.8166666666666664,0.6666666666666663,0.23404255319148937,0.10526315789473695,0.9550000000000001,Feb,1.37,Winter,1.24
2016,1.18,1.37,1.35,1.09,0.96,0.81,0.84,1.02,0.9,0.87,0.92,0.86,0.37209302325581395,0.44444444444444464,0.8166666666666664,0.6666666666666663,0.23404255319148937,0.10526315789473695,0.9550000000000001,Feb,1.37,Spring,1.13
2016,1.18,1.37,1.35,1.09,0.96,0.81,0.84,1.02,0.9,0.87,0.92,0.86,0.37209302325581395,0.44444444444444464,0.8166666666666664,0.6666666666666663,0.23404255319148937,0.10526315789473695,0.9550000000000001,Feb,1.37,Summer,0.89
2016,1.18,1.37,1.35,1.09,0.96,0.81,0.84,1.02,0.9,0.87,0.92,0.86,0.37209302325581395,0.44444444444444464,0.8166666666666664,0.6666666666666663,0.23404255319148937,0.10526315789473695,0.9550000000000001,Feb,1.37,Fall,0.9
2016,1.18,1.37,1.35,1.09,0.96,0.81,0.84,1.02,0.9,0.87,0.92,0.86,0.37209302325581395,0.44444444444444464,0.8166666666666664,0.6666666666666663,0.23404255319148937,0.10526315789473695,0.9550000000000001,Mar,1.35,Winter,1.24
2016,1.18,1.37,1.35,1.09,0.96,0.81,0.84,1.02,0.9,0.87,0.92,0.86,0.37209302325581395,0.44444444444444464,0.8166666666666664,0.6666666666666663,0.23404255319148937,0.10526315789473695,0.9550000000000001,Mar,1.35,Spring,1.13
2016,1.18,1.37,1.35,1.09,0.96,0.81,0.84,1.02,0.9,0.87,0.92,0.86,0.37209302325581395,0.44444444444444464,0.8166666666666664,0.6666666666666663,0.23404255319148937,0.10526315789473695,0.9550000000000001,Mar,1.35,Summer,0.89
2016,1.18,1.37,1.35,1.09,0.96,0.81,0.84,1.02,0.9,0.87,0.92,0.86,0.37209302325581395,0.44444444444444464,0.8166666666666664,0.6666666666666663,0.23404255319148937,0.10526315789473695,0.9550000000000001,Mar,1.35,Fall,0.9
2016,1.18,1.37,1.35,1.09,0.96,0.81,0.84,1.02,0.9,0.87,0.92,0.86,0.37209302325581395,0.44444444444444464,0.8166666666666664,0.6666666666666663,0.23404255319148937,0.10526315789473695,0.9550000000000001,Apr,1.09,Winter,1.24
2016,1.18,1.37,1.35,1.09,0.96,0.81,0.84,1.02,0.9,0.87,0.92,0.86,0.37209302325581395,0.44444444444444464,0.8166666666666664,0.6666666666666663,0.23404255319148937,0.10526315789473695,0.9550000000000001,Apr,1.09,Spring,1.13
2016,1.18,1.37,1.35,1.09,0.96,0.81,0.84,1.02,0.9,0.87,0.92,0.86,0.37209302325581395,0.44444444444444464,0.8166666666666664,0.6666666666666663,0.23404255319148937,0.10526315789473695,0.9550000000000001,Apr,1.09,Summer,0.89
2016,1.18,1.37,1.35,1.09,0.96,0.81,0.84,1.02,0.9,0.87,0.92,0.86,0.37209302325581395,0.44444444444444464,0.8166666666666664,0.6666666666666663,0.23404255319148937,0.10526315789473695,0.9550000000000001,Apr,1.09,Fall,0.9
2016,1.18,1.37,1.35,1.09,0.96,0.81,0.84,1.02,0.9,0.87,0.92,0.86,0.37209302325581395,0.44444444444444464,0.8166666666666664,0.6666666666666663,0.23404255319148937,0.10526315789473695,0.9550000000000001,May,0.96,Winter,1.24
2016,1.18,1.37,1.35,1.09,0.96,0.81,0.84,1.02,0.9,0.87,0.92,0.86,0.37209302325581395,0.44444444444444464,0.8166666666666664,0.6666666666666663,0.23404255319148937,0.10526315789473695,0.9550000000000001,May,0.96,Spring,1.13
2016,1.18,1.37,1.35,1.09,0.96,0.81,0.84,1.02,0.9,0.87,0.92,0.86,0.37209302325581395,0.44444444444444464,0.8166666666666664,0.6666666666666663,0.23404255319148937,0.10526315789473695,0.9550000000000001,May,0.96,Summer,0.89
2016,1.18,1.37,1.35,1.09,0.96,0.81,0.84,1.02,0.9,0.87,0.92,0.86,0.37209302325581395,0.44444444444444464,0.8166666666666664,0.6666666666666663,0.23404255319148937,0.10526315789473695,0.9550000000000001,May,0.96,Fall,0.9
2016,1.18,1.37,1.35,1.09,0.96,0.81,0.84,1.02,0.9,0.87,0.92,0.86,0.37209302325581395,0.44444444444444464,0.8166666666666664,0.6666666666666663,0.23404255319148937,0.10526315789473695,0.9550000000000001,Jun,0.81,Winter,1.24
2016,1.18,1.37,1.35,1.09,0.96,0.81,0.84,1.02,0.9,0.87,0.92,0.86,0.37209302325581395,0.44444444444444464,0.8166666666666664,0.6666666666666663,0.23404255319148937,0.10526315789473695,0.9550000000000001,Jun,0.81,Spring,1.13
2016,1.18,1.37,1.35,1.09,0.96,0.81,0.84,1.02,0.9,0.87,0.92,0.86,0.37209302325581395,0.44444444444444464,0.8166666666666664,0.6666666666666663,0.23404255319148937,0.10526315789473695,0.9550000000000001,Jun,0.81,Summer,0.89
2016,1.18,1.37,1.35,1.09,0.96,0.81,0.84,1.02,0.9,0.87,0.92,0.86,0.37209302325581395,0.44444444444444464,0.8166666666666664,0.6666666666666663,0.23404255319148937,0.10526315789473695,0.9550000000000001,Jun,0.81,Fall,0.9
2016,1.18,1.37,1.35,1.09,0.96,0.81,0.84,1.02,0.9,0.87,0.92,0.86,0.37209302325581395,0.44444444444444464,0.8166666666666664,0.6666666666666663,0.23404255319148937,0.10526315789473695,0.9550000000000001,Jul,0.84,Winter,1.24
2016,1.18,1.37,1.35,1.09,0.96,0.81,0.84,1.02,0.9,0.87,0.92,0.86,0.37209302325581395,0.44444444444444464,0.8166666666666664,0.6666666666666663,0.23404255319148937,0.10526315789473695,0.9550000000000001,Jul,0.84,Spring,1.13
2016,1.18,1.37,1.35,1.09,0.96,0.81,0.84,1.02,0.9,0.87,0.92,0.86,0.37209302325581395,0.44444444444444464,0.8166666666666664,0.6666666666666663,0.23404255319148937,0.10526315789473695,0.9550000000000001,Jul,0.84,Summer,0.89
2016,1.18,1.37,1.35,1.09,0.96,0.81,0.84,1.02,0.9,0.87,0.92,0.86,0.37209302325581395,0.44444444444444464,0.8166666666666664,0.6666666666666663,0.23404255319148937,0.10526315789473695,0.9550000000000001,Jul,0.84,Fall,0.9
2016,1.18,1.37,1.35,1.09,0.96,0.81,0.84,1.02,0.9,0.87,0.92,0.86,0.37209302325581395,0.44444444444444464,0.8166666666666664,0.6666666666666663,0.23404255319148937,0.10526315789473695,0.9550000000000001,Aug,1.02,Winter,1.24
2016,1.18,1.37,1.35,1.09,0.96,0.81,0.84,1.02,0.9,0.87,0.92,0.86,0.37209302325581395,0.44444444444444464,0.8166666666666664,0.6666666666666663,0.23404255319148937,0.10526315789473695,0.9550000000000001,Aug,1.02,Spring,1.13
2016,1.18,1.37,1.35,1.09,0.96,0.81,0.84,1.02,0.9,0.87,0.92,0.86,0.37209302325581395,0.44444444444444464,0.8166666666666664,0.6666666666666663,0.23404255319148937,0.10526315789473695,0.9550000000000001,Aug,1.02,Summer,0.89
2016,1.18,1.37,1.35,1.09,0.96,0.81,0.84,1.02,0.9,0.87,0.92,0.86,0.37209302325581395,0.44444444444444464,0.8166666666666664,0.6666666666666663,0.23404255319148937,0.10526315789473695,0.9550000000000001,Aug,1.02,Fall,0.9
2016,1.18,1.37,1.35,1.09,0.96,0.81,0.84,1.02,0.9,0.87,0.92,0.86,0.37209302325581395,0.44444444444444464,0.8166666666666664,0.6666666666666663,0.23404255319148937,0.10526315789473695,0.9550000000000001,Sep,0.9,Winter,1.24
2016,1.18,1.37,1.35,1.09,0.96,0.81,0.84,1.02,0.9,0.87,0.92,0.86,0.37209302325581395,0.44444444444444464,0.8166666666666664,0.6666666666666663,0.23404255319148937,0.10526315789473695,0.9550000000000001,Sep,0.9,Spring,1.13
2016,1.18,1.37,1.35,1.09,0.96,0.81,0.84,1.02,0.9,0.87,0.92,0.86,0.37209302325581395,0.44444444444444464,0.8166666666666664,0.6666666666666663,0.23404255319148937,0.10526315789473695,0.9550000000000001,Sep,0.9,Summer,0.89
2016,1.18,1.37,1.35,1.09,0.96,0.81,0.84,1.02,0.9,0.87,0.92,0.86,0.37209302325581395,0.44444444444444464,0.8166666666666664,0.6666666666666663,0.23404255319148937,0.10526315789473695,0.9550000000000001,Sep,0.9,Fall,0.9
2016,1.18,1.37,1.35,1.09,0.96,0.81,0.84,1.02,0.9,0.87,0.92,0.86,0.37209302325581395,0.44444444444444464,0.8166666666666664,0.6666666666666663,0.23404255319148937,0.10526315789473695,0.9550000000000001,Oct,0.87,Winter,1.24
2016,1.18,1.37,1.35,1.09,0.96,0.81,0.84,1.02,0.9,0.87,0.92,0.86,0.37209302325581395,0.44444444444444464,0.8166666666666664,0.6666666666666663,0.23404255319148937,0.10526315789473695,0.9550000000000001,Oct,0.87,Spring,1.13
2016,1.18,1.37,1.35,1.09,0.96,0.81,0.84,1.02,0.9,0.87,0.92,0.86,0.37209302325581395,0.44444444444444464,0.8166666666666664,0.6666666666666663,0.23404255319148937,0.10526315789473695,0.9550000000000001,Oct,0.87,Summer,0.89
2016,1.18,1.37,1.35,1.09,0.96,0.81,0.84,1.02,0.9,0.87,0.92,0.86,0.37209302325581395,0.44444444444444464,0.8166666666666664,0.6666666666666663,0.23404255319148937,0.10526315789473695,0.9550000000000001,Oct,0.87,Fall,0.9
2016,1.18,1.37,1.35,1.09,0.96,0.81,0.84,1.02,0.9,0.87,0.92,0.86,0.37209302325581395,0.44444444444444464,0.8166666666666664,0.6666666666666663,0.23404255319148937,0.10526315789473695,0.9550000000000001,Nov,0.92,Winter,1.24
2016,1.18,1.37,1.35,1.09,0.96,0.81,0.84,1.02,0.9,0.87,0.92,0.86,0.37209302325581395,0.44444444444444464,0.8166666666666664,0.6666666666666663,0.23404255319148937,0.10526315789473695,0.9550000000000001,Nov,0.92,Spring,1.13
2016,1.18,1.37,1.35,1.09,0.96,0.81,0.84,1.02,0.9,0.87,0.92,0.86,0.37209302325581395,0.44444444444444464,0.8166666666666664,0.6666666666666663,0.23404255319148937,0.10526315789473695,0.9550000000000001,Nov,0.92,Summer,0.89
2016,1.18,1.37,1.35,1.09,0.96,0.81,0.84,1.02,0.9,0.87,0.92,0.86,0.37209302325581395,0.44444444444444464,0.8166666666666664,0.6666666666666663,0.23404255319148937,0.10526315789473695,0.9550000000000001,Nov,0.92,Fall,0.9
2016,1.18,1.37,1.35,1.09,0.96,0.81,0.84,1.02,0.9,0.87,0.92,0.86,0.37209302325581395,0.44444444444444464,0.8166666666666664,0.6666666666666663,0.23404255319148937,0.10526315789473695,0.9550000000000001,Dec,0.86,Winter,1.24
2016,1.18,1.37,1.35,1.09,0.96,0.81,0.84,1.02,0.9,0.87,0.92,0.86,0.37209302325581395,0.44444444444444464,0.8166666666666664,0.6666666666666663,0.23404255319148937,0.10526315789473695,0.9550000000000001,Dec,0.86,Spring,1.13
2016,1.18,1.37,1.35,1.09,0.96,0.81,0.84,1.02,0.9,0.87,0.92,0.86,0.37209302325581395,0.44444444444444464,0.8166666666666664,0.6666666666666663,0.23404255319148937,0.10526315789473695,0.9550000000000001,Dec,0.86,Summer,0.89
2016,1.18,1.37,1.35,1.09,0.96,0.81,0.84,1.02,0.9,0.87,0.92,0.86,0.37209302325581395,0.44444444444444464,0.8166666666666664,0.6666666666666663,0.23404255319148937,0.10526315789473695,0.9550000000000001,Dec,0.86,Fall,0.9
2017,1.02,1.13,1.17,0.94,0.91,0.71,0.81,0.87,0.75,0.89,0.88,0.93,0.16279069767441867,0.1555555555555559,0.4333333333333331,0.41666666666666674,0.042553191489361764,0.0,0.9433333333333334,Jan,1.02,Winter,1.01
2017,1.02,1.13,1.17,0.94,0.91,0.71,0.81,0.87,0.75,0.89,0.88,0.93,0.16279069767441867,0.1555555555555559,0.4333333333333331,0.41666666666666674,0.042553191489361764,0.0,0.9433333333333334,Jan,1.02,Spring,1.01
2017,1.02,1.13,1.17,0.94,0.91,0.71,0.81,0.87,0.75,0.89,0.88,0.93,0.16279069767441867,0.1555555555555559,0.4333333333333331,0.41666666666666674,0.042553191489361764,0.0,0.9433333333333334,Jan,1.02,Summer,0.8
2017,1.02,1.13,1.17,0.94,0.91,0.71,0.81,0.87,0.75,0.89,0.88,0.93,0.16279069767441867,0.1555555555555559,0.4333333333333331,0.41666666666666674,0.042553191489361764,0.0,0.9433333333333334,Jan,1.02,Fall,0.84
2017,1.02,1.13,1.17,0.94,0.91,0.71,0.81,0.87,0.75,0.89,0.88,0.93,0.16279069767441867,0.1555555555555559,0.4333333333333331,0.41666666666666674,0.042553191489361764,0.0,0.9433333333333334,Feb,1.13,Winter,1.01
2017,1.02,1.13,1.17,0.94,0.91,0.71,0.81,0.87,0.75,0.89,0.88,0.93,0.16279069767441867,0.1555555555555559,0.4333333333333331,0.41666666666666674,0.042553191489361764,0.0,0.9433333333333334,Feb,1.13,Spring,1.01
2017,1.02,1.13,1.17,0.94,0.91,0.71,0.81,0.87,0.75,0.89,0.88,0.93,0.16279069767441867,0.1555555555555559,0.4333333333333331,0.41666666666666674,0.042553191489361764,0.0,0.9433333333333334,Feb,1.13,Summer,0.8
2017,1.02,1.13,1.17,0.94,0.91,0.71,0.81,0.87,0.75,0.89,0.88,0.93,0.16279069767441867,0.1555555555555559,0.4333333333333331,0.41666666666666674,0.042553191489361764,0.0,0.9433333333333334,Feb,1.13,Fall,0.84
2017,1.02,1.13,1.17,0.94,0.91,0.71,0.81,0.87,0.75,0.89,0.88,0.93,0.16279069767441867,0.1555555555555559,0.4333333333333331,0.41666666666666674,0.042553191489361764,0.0,0.9433333333333334,Mar,1.17,Winter,1.01
2017,1.02,1.13,1.17,0.94,0.91,0.71,0.81,0.87,0.75,0.89,0.88,0.93,0.16279069767441867,0.1555555555555559,0.4333333333333331,0.41666666666666674,0.042553191489361764,0.0,0.9433333333333334,Mar,1.17,Spring,1.01
2017,1.02,1.13,1.17,0.94,0.91,0.71,0.81,0.87,0.75,0.89,0.88,0.93,0.16279069767441867,0.1555555555555559,0.4333333333333331,0.41666666666666674,0.042553191489361764,0.0,0.9433333333333334,Mar,1.17,Summer,0.8
2017,1.02,1.13,1.17,0.94,0.91,0.71,0.81,0.87,0.75,0.89,0.88,0.93,0.16279069767441867,0.1555555555555559,0.4333333333333331,0.41666666666666674,0.042553191489361764,0.0,0.9433333333333334,Mar,1.17,Fall,0.84
2017,1.02,1.13,1.17,0.94,0.91,0.71,0.81,0.87,0.75,0.89,0.88,0.93,0.16279069767441867,0.1555555555555559,0.4333333333333331,0.41666666666666674,0.042553191489361764,0.0,0.9433333333333334,Apr,0.94,Winter,1.01
2017,1.02,1.13,1.17,0.94,0.91,0.71,0.81,0.87,0.75,0.89,0.88,0.93,0.16279069767441867,0.1555555555555559,0.4333333333333331,0.41666666666666674,0.042553191489361764,0.0,0.9433333333333334,Apr,0.94,Spring,1.01
2017,1.02,1.13,1.17,0.94,0.91,0.71,0.81,0.87,0.75,0.89,0.88,0.93,0.16279069767441867,0.1555555555555559,0.4333333333333331,0.41666666666666674,0.042553191489361764,0.0,0.9433333333333334,Apr,0.94,Summer,0.8
2017,1.02,1.13,1.17,0.94,0.91,0.71,0.81,0.87,0.75,0.89,0.88,0.93,0.16279069767441867,0.1555555555555559,0.4333333333333331,0.41666666666666674,0.042553191489361764,0.0,0.9433333333333334,Apr,0.94,Fall,0.84
2017,1.02,1.13,1.17,0.94,0.91,0.71,0.81,0.87,0.75,0.89,0.88,0.93,0.16279069767441867,0.1555555555555559,0.4333333333333331,0.41666666666666674,0.042553191489361764,0.0,0.9433333333333334,May,0.91,Winter,1.01
2017,1.02,1.13,1.17,0.94,0.91,0.71,0.81,0.87,0.75,0.89,0.88,0.93,0.16279069767441867,0.1555555555555559,0.4333333333333331,0.41666666666666674,0.042553191489361764,0.0,0.9433333333333334,May,0.91,Spring,1.01
2017,1.02,1.13,1.17,0.94,0.91,0.71,0.81,0.87,0.75,0.89,0.88,0.93,0.16279069767441867,0.1555555555555559,0.4333333333333331,0.41666666666666674,0.042553191489361764,0.0,0.9433333333333334,May,0.91,Summer,0.8
2017,1.02,1.13,1.17,0.94,0.91,0.71,0.81,0.87,0.75,0.89,0.88,0.93,0.16279069767441867,0.1555555555555559,0.4333333333333331,0.41666666666666674,0.042553191489361764,0.0,0.9433333333333334,May,0.91,Fall,0.84
2017,1.02,1.13,1.17,0.94,0.91,0.71,0.81,0.87,0.75,0.89,0.88,0.93,0.16279069767441867,0.1555555555555559,0.4333333333333331,0.41666666666666674,0.042553191489361764,0.0,0.9433333333333334,Jun,0.71,Winter,1.01
2017,1.02,1.13,1.17,0.94,0.91,0.71,0.81,0.87,0.75,0.89,0.88,0.93,0.16279069767441867,0.1555555555555559,0.4333333333333331,0.41666666666666674,0.042553191489361764,0.0,0.9433333333333334,Jun,0.71,Spring,1.01
2017,1.02,1.13,1.17,0.94,0.91,0.71,0.81,0.87,0.75,0.89,0.88,0.93,0.16279069767441867,0.1555555555555559,0.4333333333333331,0.41666666666666674,0.042553191489361764,0.0,0.9433333333333334,Jun,0.71,Summer,0.8
2017,1.02,1.13,1.17,0.94,0.91,0.71,0.81,0.87,0.75,0.89,0.88,0.93,0.16279069767441867,0.1555555555555559,0.4333333333333331,0.41666666666666674,0.042553191489361764,0.0,0.9433333333333334,Jun,0.71,Fall,0.84
2017,1.02,1.13,1.17,0.94,0.91,0.71,0.81,0.87,0.75,0.89,0.88,0.93,0.16279069767441867,0.1555555555555559,0.4333333333333331,0.41666666666666674,0.042553191489361764,0.0,0.9433333333333334,Jul,0.81,Winter,1.01
2017,1.02,1.13,1.17,0.94,0.91,0.71,0.81,0.87,0.75,0.89,0.88,0.93,0.16279069767441867,0.1555555555555559,0.4333333333333331,0.41666666666666674,0.042553191489361764,0.0,0.9433333333333334,Jul,0.81,Spring,1.01
2017,1.02,1.13,1.17,0.94,0.91,0.71,0.81,0.87,0.75,0.89,0.88,0.93,0.16279069767441867,0.1555555555555559,0.4333333333333331,0.41666666666666674,0.042553191489361764,0.0,0.9433333333333334,Jul,0.81,Summer,0.8
2017,1.02,1.13,1.17,0.94,0.91,0.71,0.81,0.87,0.75,0.89,0.88,0.93,0.16279069767441867,0.1555555555555559,0.4333333333333331,0.41666666666666674,0.042553191489361764,0.0,0.9433333333333334,Jul,0.81,Fall,0.84
2017,1.02,1.13,1.17,0.94,0.91,0.71,0.81,0.87,0.75,0.89,0.88,0.93,0.16279069767441867,0.1555555555555559,0.4333333333333331,0.41666666666666674,0.042553191489361764,0.0,0.9433333333333334,Aug,0.87,Winter,1.01
2017,1.02,1.13,1.17,0.94,0.91,0.71,0.81,0.87,0.75,0.89,0.88,0.93,0.16279069767441867,0.1555555555555559,0.4333333333333331,0.41666666666666674,0.042553191489361764,0.0,0.9433333333333334,Aug,0.87,Spring,1.01
2017,1.02,1.13,1.17,0.94,0.91,0.71,0.81,0.87,0.75,0.89,0.88,0.93,0.16279069767441867,0.1555555555555559,0.4333333333333331,0.41666666666666674,0.042553191489361764,0.0,0.9433333333333334,Aug,0.87,Summer,0.8
2017,1.02,1.13,1.17,0.94,0.91,0.71,0.81,0.87,0.75,0.89,0.88,0.93,0.16279069767441867,0.1555555555555559,0.4333333333333331,0.41666666666666674,0.042553191489361764,0.0,0.9433333333333334,Aug,0.87,Fall,0.84
2017,1.02,1.13,1.17,0.94,0.91,0.71,0.81,0.87,0.75,0.89,0.88,0.93,0.16279069767441867,0.1555555555555559,0.4333333333333331,0.41666666666666674,0.042553191489361764,0.0,0.9433333333333334,Sep,0.75,Winter,1.01
2017,1.02,1.13,1.17,0.94,0.91,0.71,0.81,0.87,0.75,0.89,0.88,0.93,0.16279069767441867,0.1555555555555559,0.4333333333333331,0.41666666666666674,0.042553191489361764,0.0,0.9433333333333334,Sep,0.75,Spring,1.01
2017,1.02,1.13,1.17,0.94,0.91,0.71,0.81,0.87,0.75,0.89,0.88,0.93,0.16279069767441867,0.1555555555555559,0.4333333333333331,0.41666666666666674,0.042553191489361764,0.0,0.9433333333333334,Sep,0.75,Summer,0.8
2017,1.02,1.13,1.17,0.94,0.91,0.71,0.81,0.87,0.75,0.89,0.88,0.93,0.16279069767441867,0.1555555555555559,0.4333333333333331,0.41666666666666674,0.042553191489361764,0.0,0.9433333333333334,Sep,0.75,Fall,0.84
2017,1.02,1.13,1.17,0.94,0.91,0.71,0.81,0.87,0.75,0.89,0.88,0.93,0.16279069767441867,0.1555555555555559,0.4333333333333331,0.41666666666666674,0.042553191489361764,0.0,0.9433333333333334,Oct,0.89,Winter,1.01
2017,1.02,1.13,1.17,0.94,0.91,0.71,0.81,0.87,0.75,0.89,0.88,0.93,0.16279069767441867,0.1555555555555559,0.4333333333333331,0.41666666666666674,0.042553191489361764,0.0,0.9433333333333334,Oct,0.89,Spring,1.01
2017,1.02,1.13,1.17,0.94,0.91,0.71,0.81,0.87,0.75,0.89,0.88,0.93,0.16279069767441867,0.1555555555555559,0.4333333333333331,0.41666666666666674,0.042553191489361764,0.0,0.9433333333333334,Oct,0.89,Summer,0.8
2017,1.02,1.13,1.17,0.94,0.91,0.71,0.81,0.87,0.75,0.89,0.88,0.93,0.16279069767441867,0.1555555555555559,0.4333333333333331,0.41666666666666674,0.042553191489361764,0.0,0.9433333333333334,Oct,0.89,Fall,0.84
2017,1.02,1.13,1.17,0.94,0.91,0.71,0.81,0.87,0.75,0.89,0.88,0.93,0.16279069767441867,0.1555555555555559,0.4333333333333331,0.41666666666666674,0.042553191489361764,0.0,0.9433333333333334,Nov,0.88,Winter,1.01
2017,1.02,1.13,1.17,0.94,0.91,0.71,0.81,0.87,0.75,0.89,0.88,0.93,0.16279069767441867,0.1555555555555559,0.4333333333333331,0.41666666666666674,0.042553191489361764,0.0,0.9433333333333334,Nov,0.88,Spring,1.01
2017,1.02,1.13,1.17,0.94,0.91,0.71,0.81,0.87,0.75,0.89,0.88,0.93,0.16279069767441867,0.1555555555555559,0.4333333333333331,0.41666666666666674,0.042553191489361764,0.0,0.9433333333333334,Nov,0.88,Summer,0.8
2017,1.02,1.13,1.17,0.94,0.91,0.71,0.81,0.87,0.75,0.89,0.88,0.93,0.16279069767441867,0.1555555555555559,0.4333333333333331,0.41666666666666674,0.042553191489361764,0.0,0.9433333333333334,Nov,0.88,Fall,0.84
2017,1.02,1.13,1.17,0.94,0.91,0.71,0.81,0.87,0.75,0.89,0.88,0.93,0.16279069767441867,0.1555555555555559,0.4333333333333331,0.41666666666666674,0.042553191489361764,0.0,0.9433333333333334,Dec,0.93,Winter,1.01
2017,1.02,1.13,1.17,0.94,0.91,0.71,0.81,0.87,0.75,0.89,0.88,0.93,0.16279069767441867,0.1555555555555559,0.4333333333333331,0.41666666666666674,0.042553191489361764,0.0,0.9433333333333334,Dec,0.93,Spring,1.01
2017,1.02,1.13,1.17,0.94,0.91,0.71,0.81,0.87,0.75,0.89,0.88,0.93,0.16279069767441867,0.1555555555555559,0.4333333333333331,0.41666666666666674,0.042553191489361764,0.0,0.9433333333333334,Dec,0.93,Summer,0.8
2017,1.02,1.13,1.17,0.94,0.91,0.71,0.81,0.87,0.75,0.89,0.88,0.93,0.16279069767441867,0.1555555555555559,0.4333333333333331,0.41666666666666674,0.042553191489361764,0.0,0.9433333333333334,Dec,0.93,Fall,0.84
2018,0.82,0.85,0.88,0.88,0.82,0.76,0.83,0.78,0.8,1.01,0.83,0.92,0.0,0.022222222222222365,0.19999999999999996,0.10416666666666652,0.021276595744680993,0.07017543859649122,0.9199999999999999,Jan,0.82,Winter,0.87
2018,0.82,0.85,0.88,0.88,0.82,0.76,0.83,0.78,0.8,1.01,0.83,0.92,0.0,0.022222222222222365,0.19999999999999996,0.10416666666666652,0.021276595744680993,0.07017543859649122,0.9199999999999999,Jan,0.82,Spring,0.86
2018,0.82,0.85,0.88,0.88,0.82,0.76,0.83,0.78,0.8,1.01,0.83,0.92,0.0,0.022222222222222365,0.19999999999999996,0.10416666666666652,0.021276595744680993,0.07017543859649122,0.9199999999999999,Jan,0.82,Summer,0.79
2018,0.82,0.85,0.88,0.88,0.82,0.76,0.83,0.78,0.8,1.01,0.83,0.92,0.0,0.022222222222222365,0.19999999999999996,0.10416666666666652,0.021276595744680993,0.07017543859649122,0.9199999999999999,Jan,0.82,Fall,0.88
2018,0.82,0.85,0.88,0.88,0.82,0.76,0.83,0.78,0.8,1.01,0.83,0.92,0.0,0.022222222222222365,0.19999999999999996,0.10416666666666652,0.021276595744680993,0.07017543859649122,0.9199999999999999,Feb,0.85,Winter,0.87
2018,0.82,0.85,0.88,0.88,0.82,0.76,0.83,0.78,0.8,1.01,0.83,0.92,0.0,0.022222222222222365,0.19999999999999996,0.10416666666666652,0.021276595744680993,0.07017543859649122,0.9199999999999999,Feb,0.85,Spring,0.86
2018,0.82,0.85,0.88,0.88,0.82,0.76,0.83,0.78,0.8,1.01,0.83,0.92,0.0,0.022222222222222365,0.19999999999999996,0.10416666666666652,0.021276595744680993,0.07017543859649122,0.9199999999999999,Feb,0.85,Summer,0.79
2018,0.82,0.85,0.88,0.88,0.82,0.76,0.83,0.78,0.8,1.01,0.83,0.92,0.0,0.022222222222222365,0.19999999999999996,0.10416666666666652,0.021276595744680993,0.07017543859649122,0.9199999999999999,Feb,0.85,Fall,0.88
2018,0.82,0.85,0.88,0.88,0.82,0.76,0.83,0.78,0.8,1.01,0.83,0.92,0.0,0.022222222222222365,0.19999999999999996,0.10416666666666652,0.021276595744680993,0.07017543859649122,0.9199999999999999,Mar,0.88,Winter,0.87
2018,0.82,0.85,0.88,0.88,0.82,0.76,0.83,0.78,0.8,1.01,0.83,0.92,0.0,0.022222222222222365,0.19999999999999996,0.10416666666666652,0.021276595744680993,0.07017543859649122,0.9199999999999999,Mar,0.88,Spring,0.86
2018,0.82,0.85,0.88,0.88,0.82,0.76,0.83,0.78,0.8,1.01,0.83,0.92,0.0,0.022222222222222365,0.19999999999999996,0.10416666666666652,0.021276595744680993,0.07017543859649122,0.9199999999999999,Mar,0.88,Summer,0.79
2018,0.82,0.85,0.88,0.88,0.82,0.76,0.83,0.78,0.8,1.01,0.83,0.92,0.0,0.022222222222222365,0.19999999999999996,0.10416666666666652,0.021276595744680993,0.07017543859649122,0.9199999999999999,Mar,0.88,Fall,0.88
2018,0.82,0.85,0.88,0.88,0.82,0.76,0.83,0.78,0.8,1.01,0.83,0.92,0.0,0.022222222222222365,0.19999999999999996,0.10416666666666652,0.021276595744680993,0.07017543859649122,0.9199999999999999,Apr,0.88,Winter,0.87
2018,0.82,0.85,0.88,0.88,0.82,0.76,0.83,0.78,0.8,1.01,0.83,0.92,0.0,0.022222222222222365,0.19999999999999996,0.10416666666666652,0.021276595744680993,0.07017543859649122,0.9199999999999999,Apr,0.88,Spring,0.86
2018,0.82,0.85,0.88,0.88,0.82,0.76,0.83,0.78,0.8,1.01,0.83,0.92,0.0,0.022222222222222365,0.19999999999999996,0.10416666666666652,0.021276595744680993,0.07017543859649122,0.9199999999999999,Apr,0.88,Summer,0.79
2018,0.82,0.85,0.88,0.88,0.82,0.76,0.83,0.78,0.8,1.01,0.83,0.92,0.0,0.022222222222222365,0.19999999999999996,0.10416666666666652,0.021276595744680993,0.07017543859649122,0.9199999999999999,Apr,0.88,Fall,0.88
2018,0.82,0.85,0.88,0.88,0.82,0.76,0.83,0.78,0.8,1.01,0.83,0.92,0.0,0.022222222222222365,0.19999999999999996,0.10416666666666652,0.021276595744680993,0.07017543859649122,0.9199999999999999,May,0.82,Winter,0.87
2018,0.82,0.85,0.88,0.88,0.82,0.76,0.83,0.78,0.8,1.01,0.83,0.92,0.0,0.022222222222222365,0.19999999999999996,0.10416666666666652,0.021276595744680993,0.07017543859649122,0.9199999999999999,May,0.82,Spring,0.86
2018,0.82,0.85,0.88,0.88,0.82,0.76,0.83,0.78,0.8,1.01,0.83,0.92,0.0,0.022222222222222365,0.19999999999999996,0.10416666666666652,0.021276595744680993,0.07017543859649122,0.9199999999999999,May,0.82,Summer,0.79
2018,0.82,0.85,0.88,0.88,0.82,0.76,0.83,0.78,0.8,1.01,0.83,0.92,0.0,0.022222222222222365,0.19999999999999996,0.10416666666666652,0.021276595744680993,0.07017543859649122,0.9199999999999999,May,0.82,Fall,0.88
2018,0.82,0.85,0.88,0.88,0.82,0.76,0.83,0.78,0.8,1.01,0.83,0.92,0.0,0.022222222222222365,0.19999999999999996,0.10416666666666652,0.021276595744680993,0.07017543859649122,0.9199999999999999,Jun,0.76,Winter,0.87
2018,0.82,0.85,0.88,0.88,0.82,0.76,0.83,0.78,0.8,1.01,0.83,0.92,0.0,0.022222222222222365,0.19999999999999996,0.10416666666666652,0.021276595744680993,0.07017543859649122,0.9199999999999999,Jun,0.76,Spring,0.86
2018,0.82,0.85,0.88,0.88,0.82,0.76,0.83,0.78,0.8,1.01,0.83,0.92,0.0,0.022222222222222365,0.19999999999999996,0.10416666666666652,0.021276595744680993,0.07017543859649122,0.9199999999999999,Jun,0.76,Summer,0.79
2018,0.82,0.85,0.88,0.88,0.82,0.76,0.83,0.78,0.8,1.01,0.83,0.92,0.0,0.022222222222222365,0.19999999999999996,0.10416666666666652,0.021276595744680993,0.07017543859649122,0.9199999999999999,Jun,0.76,Fall,0.88
2018,0.82,0.85,0.88,0.88,0.82,0.76,0.83,0.78,0.8,1.01,0.83,0.92,0.0,0.022222222222222365,0.19999999999999996,0.10416666666666652,0.021276595744680993,0.07017543859649122,0.9199999999999999,Jul,0.83,Winter,0.87
2018,0.82,0.85,0.88,0.88,0.82,0.76,0.83,0.78,0.8,1.01,0.83,0.92,0.0,0.022222222222222365,0.19999999999999996,0.10416666666666652,0.021276595744680993,0.07017543859649122,0.9199999999999999,Jul,0.83,Spring,0.86
2018,0.82,0.85,0.88,0.88,0.82,0.76,0.83,0.78,0.8,1.01,0.83,0.92,0.0,0.022222222222222365,0.19999999999999996,0.10416666666666652,0.021276595744680993,0.07017543859649122,0.9199999999999999,Jul,0.83,Summer,0.79
2018,0.82,0.85,0.88,0.88,0.82,0.76,0.83,0.78,0.8,1.01,0.83,0.92,0.0,0.022222222222222365,0.19999999999999996,0.10416666666666652,0.021276595744680993,0.07017543859649122,0.9199999999999999,Jul,0.83,Fall,0.88
2018,0.82,0.85,0.88,0.88,0.82,0.76,0.83,0.78,0.8,1.01,0.83,0.92,0.0,0.022222222222222365,0.19999999999999996,0.10416666666666652,0.021276595744680993,0.07017543859649122,0.9199999999999999,Aug,0.78,Winter,0.87
2018,0.82,0.85,0.88,0.88,0.82,0.76,0.83,0.78,0.8,1.01,0.83,0.92,0.0,0.022222222222222365,0.19999999999999996,0.10416666666666652,0.021276595744680993,0.07017543859649122,0.9199999999999999,Aug,0.78,Spring,0.86
2018,0.82,0.85,0.88,0.88,0.82,0.76,0.83,0.78,0.8,1.01,0.83,0.92,0.0,0.022222222222222365,0.19999999999999996,0.10416666666666652,0.021276595744680993,0.07017543859649122,0.9199999999999999,Aug,0.78,Summer,0.79
2018,0.82,0.85,0.88,0.88,0.82,0.76,0.83,0.78,0.8,1.01,0.83,0.92,0.0,0.022222222222222365,0.19999999999999996,0.10416666666666652,0.021276595744680993,0.07017543859649122,0.9199999999999999,Aug,0.78,Fall,0.88
2018,0.82,0.85,0.88,0.88,0.82,0.76,0.83,0.78,0.8,1.01,0.83,0.92,0.0,0.022222222222222365,0.19999999999999996,0.10416666666666652,0.021276595744680993,0.07017543859649122,0.9199999999999999,Sep,0.8,Winter,0.87
2018,0.82,0.85,0.88,0.88,0.82,0.76,0.83,0.78,0.8,1.01,0.83,0.92,0.0,0.022222222222222365,0.19999999999999996,0.10416666666666652,0.021276595744680993,0.07017543859649122,0.9199999999999999,Sep,0.8,Spring,0.86
2018,0.82,0.85,0.88,0.88,0.82,0.76,0.83,0.78,0.8,1.01,0.83,0.92,0.0,0.022222222222222365,0.19999999999999996,0.10416666666666652,0.021276595744680993,0.07017543859649122,0.9199999999999999,Sep,0.8,Summer,0.79
2018,0.82,0.85,0.88,0.88,0.82,0.76,0.83,0.78,0.8,1.01,0.83,0.92,0.0,0.022222222222222365,0.19999999999999996,0.10416666666666652,0.021276595744680993,0.07017543859649122,0.9199999999999999,Sep,0.8,Fall,0.88
2018,0.82,0.85,0.88,0.88,0.82,0.76,0.83,0.78,0.8,1.01,0.83,0.92,0.0,0.022222222222222365,0.19999999999999996,0.10416666666666652,0.021276595744680993,0.07017543859649122,0.9199999999999999,Oct,1.01,Winter,0.87
2018,0.82,0.85,0.88,0.88,0.82,0.76,0.83,0.78,0.8,1.01,0.83,0.92,0.0,0.022222222222222365,0.19999999999999996,0.10416666666666652,0.021276595744680993,0.07017543859649122,0.9199999999999999,Oct,1.01,Spring,0.86
2018,0.82,0.85,0.88,0.88,0.82,0.76,0.83,0.78,0.8,1.01,0.83,0.92,0.0,0.022222222222222365,0.19999999999999996,0.10416666666666652,0.021276595744680993,0.07017543859649122,0.9199999999999999,Oct,1.01,Summer,0.79
2018,0.82,0.85,0.88,0.88,0.82,0.76,0.83,0.78,0.8,1.01,0.83,0.92,0.0,0.022222222222222365,0.19999999999999996,0.10416666666666652,0.021276595744680993,0.07017543859649122,0.9199999999999999,Oct,1.01,Fall,0.88
2018,0.82,0.85,0.88,0.88,0.82,0.76,0.83,0.78,0.8,1.01,0.83,0.92,0.0,0.022222222222222365,0.19999999999999996,0.10416666666666652,0.021276595744680993,0.07017543859649122,0.9199999999999999,Nov,0.83,Winter,0.87
2018,0.82,0.85,0.88,0.88,0.82,0.76,0.83,0.78,0.8,1.01,0.83,0.92,0.0,0.022222222222222365,0.19999999999999996,0.10416666666666652,0.021276595744680993,0.07017543859649122,0.9199999999999999,Nov,0.83,Spring,0.86
2018,0.82,0.85,0.88,0.88,0.82,0.76,0.83,0.78,0.8,1.01,0.83,0.92,0.0,0.022222222222222365,0.19999999999999996,0.10416666666666652,0.021276595744680993,0.07017543859649122,0.9199999999999999,Nov,0.83,Summer,0.79
2018,0.82,0.85,0.88,0.88,0.82,0.76,0.83,0.78,0.8,1.01,0.83,0.92,0.0,0.022222222222222365,0.19999999999999996,0.10416666666666652,0.021276595744680993,0.07017543859649122,0.9199999999999999,Nov,0.83,Fall,0.88
2018,0.82,0.85,0.88,0.88,0.82,0.76,0.83,0.78,0.8,1.01,0.83,0.92,0.0,0.022222222222222365,0.19999999999999996,0.10416666666666652,0.021276595744680993,0.07017543859649122,0.9199999999999999,Dec,0.92,Winter,0.87
2018,0.82,0.85,0.88,0.88,0.82,0.76,0.83,0.78,0.8,1.01,0.83,0.92,0.0,0.022222222222222365,0.19999999999999996,0.10416666666666652,0.021276595744680993,0.07017543859649122,0.9199999999999999,Dec,0.92,Spring,0.86
2018,0.82,0.85,0.88,0.88,0.82,0.76,0.83,0.78,0.8,1.01,0.83,0.92,0.0,0.022222222222222365,0.19999999999999996,0.10416666666666652,0.021276595744680993,0.07017543859649122,0.9199999999999999,Dec,0.92,Summer,0.79
2018,0.82,0.85,0.88,0.88,0.82,0.76,0.83,0.78,0.8,1.01,0.83,0.92,0.0,0.022222222222222365,0.19999999999999996,0.10416666666666652,0.021276595744680993,0.07017543859649122,0.9199999999999999,Dec,0.92,Fall,0.88
2019,0.93,0.95,1.17,1.01,0.86,0.9,0.94,0.95,0.93,0.99,0.98,1.11,0.3023255813953487,0.2666666666666666,0.30000000000000004,0.41666666666666674,0.3191489361702129,0.22807017543859653,0.932,Jan,0.93,Winter,0.93
2019,0.93,0.95,1.17,1.01,0.86,0.9,0.94,0.95,0.93,0.99,0.98,1.11,0.3023255813953487,0.2666666666666666,0.30000000000000004,0.41666666666666674,0.3191489361702129,0.22807017543859653,0.932,Jan,0.93,Spring,1.01
2019,0.93,0.95,1.17,1.01,0.86,0.9,0.94,0.95,0.93,0.99,0.98,1.11,0.3023255813953487,0.2666666666666666,0.30000000000000004,0.41666666666666674,0.3191489361702129,0.22807017543859653,0.932,Jan,0.93,Summer,0.93
2019,0.93,0.95,1.17,1.01,0.86,0.9,0.94,0.95,0.93,0.99,0.98,1.11,0.3023255813953487,0.2666666666666666,0.30000000000000004,0.41666666666666674,0.3191489361702129,0.22807017543859653,0.932,Jan,0.93,Fall,0.97
2019,0.93,0.95,1.17,1.01,0.86,0.9,0.94,0.95,0.93,0.99,0.98,1.11,0.3023255813953487,0.2666666666666666,0.30000000000000004,0.41666666666666674,0.3191489361702129,0.22807017543859653,0.932,Feb,0.95,Winter,0.93
2019,0.93,0.95,1.17,1.01,0.86,0.9,0.94,0.95,0.93,0.99,0.98,1.11,0.3023255813953487,0.2666666666666666,0.30000000000000004,0.41666666666666674,0.3191489361702129,0.22807017543859653,0.932,Feb,0.95,Spring,1.01
2019,0.93,0.95,1.17,1.01,0.86,0.9,0.94,0.95,0.93,0.99,0.98,1.11,0.3023255813953487,0.2666666666666666,0.30000000000000004,0.41666666666666674,0.3191489361702129,0.22807017543859653,0.932,Feb,0.95,Summer,0.93
2019,0.93,0.95,1.17,1.01,0.86,0.9,0.94,0.95,0.93,0.99,0.98,1.11,0.3023255813953487,0.2666666666666666,0.30000000000000004,0.41666666666666674,0.3191489361702129,0.22807017543859653,0.932,Feb,0.95,Fall,0.97
2019,0.93,0.95,1.17,1.01,0.86,0.9,0.94,0.95,0.93,0.99,0.98,1.11,0.3023255813953487,0.2666666666666666,0.30000000000000004,0.41666666666666674,0.3191489361702129,0.22807017543859653,0.932,Mar,1.17,Winter,0.93
2019,0.93,0.95,1.17,1.01,0.86,0.9,0.94,0.95,0.93,0.99,0.98,1.11,0.3023255813953487,0.2666666666666666,0.30000000000000004,0.41666666666666674,0.3191489361702129,0.22807017543859653,0.932,Mar,1.17,Spring,1.01
2019,0.93,0.95,1.17,1.01,0.86,0.9,0.94,0.95,0.93,0.99,0.98,1.11,0.3023255813953487,0.2666666666666666,0.30000000000000004,0.41666666666666674,0.3191489361702129,0.22807017543859653,0.932,Mar,1.17,Summer,0.93
2019,0.93,0.95,1.17,1.01,0.86,0.9,0.94,0.95,0.93,0.99,0.98,1.11,0.3023255813953487,0.2666666666666666,0.30000000000000004,0.41666666666666674,0.3191489361702129,0.22807017543859653,0.932,Mar,1.17,Fall,0.97
2019,0.93,0.95,1.17,1.01,0.86,0.9,0.94,0.95,0.93,0.99,0.98,1.11,0.3023255813953487,0.2666666666666666,0.30000000000000004,0.41666666666666674,0.3191489361702129,0.22807017543859653,0.932,Apr,1.01,Winter,0.93
2019,0.93,0.95,1.17,1.01,0.86,0.9,0.94,0.95,0.93,0.99,0.98,1.11,0.3023255813953487,0.2666666666666666,0.30000000000000004,0.41666666666666674,0.3191489361702129,0.22807017543859653,0.932,Apr,1.01,Spring,1.01
2019,0.93,0.95,1.17,1.01,0.86,0.9,0.94,0.95,0.93,0.99,0.98,1.11,0.3023255813953487,0.2666666666666666,0.30000000000000004,0.41666666666666674,0.3191489361702129,0.22807017543859653,0.932,Apr,1.01,Summer,0.93
2019,0.93,0.95,1.17,1.01,0.86,0.9,0.94,0.95,0.93,0.99,0.98,1.11,0.3023255813953487,0.2666666666666666,0.30000000000000004,0.41666666666666674,0.3191489361702129,0.22807017543859653,0.932,Apr,1.01,Fall,0.97
2019,0.93,0.95,1.17,1.01,0.86,0.9,0.94,0.95,0.93,0.99,0.98,1.11,0.3023255813953487,0.2666666666666666,0.30000000000000004,0.41666666666666674,0.3191489361702129,0.22807017543859653,0.932,May,0.86,Winter,0.93
2019,0.93,0.95,1.17,1.01,0.86,0.9,0.94,0.95,0.93,0.99,0.98,1.11,0.3023255813953487,0.2666666666666666,0.30000000000000004,0.41666666666666674,0.3191489361702129,0.22807017543859653,0.932,May,0.86,Spring,1.01
2019,0.93,0.95,1.17,1.01,0.86,0.9,0.94,0.95,0.93,0.99,0.98,1.11,0.3023255813953487,0.2666666666666666,0.30000000000000004,0.41666666666666674,0.3191489361702129,0.22807017543859653,0.932,May,0.86,Summer,0.93
2019,0.93,0.95,1.17,1.01,0.86,0.9,0.94,0.95,0.93,0.99,0.98,1.11,0.3023255813953487,0.2666666666666666,0.30000000000000004,0.41666666666666674,0.3191489361702129,0.22807017543859653,0.932,May,0.86,Fall,0.97
2019,0.93,0.95,1.17,1.01,0.86,0.9,0.94,0.95,0.93,0.99,0.98,1.11,0.3023255813953487,0.2666666666666666,0.30000000000000004,0.41666666666666674,0.3191489361702129,0.22807017543859653,0.932,Jun,0.9,Winter,0.93
2019,0.93,0.95,1.17,1.01,0.86,0.9,0.94,0.95,0.93,0.99,0.98,1.11,0.3023255813953487,0.2666666666666666,0.30000000000000004,0.41666666666666674,0.3191489361702129,0.22807017543859653,0.932,Jun,0.9,Spring,1.01
2019,0.93,0.95,1.17,1.01,0.86,0.9,0.94,0.95,0.93,0.99,0.98,1.11,0.3023255813953487,0.2666666666666666,0.30000000000000004,0.41666666666666674,0.3191489361702129,0.22807017543859653,0.932,Jun,0.9,Summer,0.93
2019,0.93,0.95,1.17,1.01,0.86,0.9,0.94,0.95,0.93,0.99,0.98,1.11,0.3023255813953487,0.2666666666666666,0.30000000000000004,0.41666666666666674,0.3191489361702129,0.22807017543859653,0.932,Jun,0.9,Fall,0.97
2019,0.93,0.95,1.17,1.01,0.86,0.9,0.94,0.95,0.93,0.99,0.98,1.11,0.3023255813953487,0.2666666666666666,0.30000000000000004,0.41666666666666674,0.3191489361702129,0.22807017543859653,0.932,Jul,0.94,Winter,0.93
2019,0.93,0.95,1.17,1.01,0.86,0.9,0.94,0.95,0.93,0.99,0.98,1.11,0.3023255813953487,0.2666666666666666,0.30000000000000004,0.41666666666666674,0.3191489361702129,0.22807017543859653,0.932,Jul,0.94,Spring,1.01
2019,0.93,0.95,1.17,1.01,0.86,0.9,0.94,0.95,0.93,0.99,0.98,1.11,0.3023255813953487,0.2666666666666666,0.30000000000000004,0.41666666666666674,0.3191489361702129,0.22807017543859653,0.932,Jul,0.94,Summer,0.93
2019,0.93,0.95,1.17,1.01,0.86,0.9,0.94,0.95,0.93,0.99,0.98,1.11,0.3023255813953487,0.2666666666666666,0.30000000000000004,0.41666666666666674,0.3191489361702129,0.22807017543859653,0.932,Jul,0.94,Fall,0.97
2019,0.93,0.95,1.17,1.01,0.86,0.9,0.94,0.95,0.93,0.99,0.98,1.11,0.3023255813953487,0.2666666666666666,0.30000000000000004,0.41666666666666674,0.3191489361702129,0.22807017543859653,0.932,Aug,0.95,Winter,0.93
2019,0.93,0.95,1.17,1.01,0.86,0.9,0.94,0.95,0.93,0.99,0.98,1.11,0.3023255813953487,0.2666666666666666,0.30000000000000004,0.41666666666666674,0.3191489361702129,0.22807017543859653,0.932,Aug,0.95,Spring,1.01
2019,0.93,0.95,1.17,1.01,0.86,0.9,0.94,0.95,0.93,0.99,0.98,1.11,0.3023255813953487,0.2666666666666666,0.30000000000000004,0.41666666666666674,0.3191489361702129,0.22807017543859653,0.932,Aug,0.95,Summer,0.93
2019,0.93,0.95,1.17,1.01,0.86,0.9,0.94,0.95,0.93,0.99,0.98,1.11,0.3023255813953487,0.2666666666666666,0.30000000000000004,0.41666666666666674,0.3191489361702129,0.22807017543859653,0.932,Aug,0.95,Fall,0.97
2019,0.93,0.95,1.17,1.01,0.86,0.9,0.94,0.95,0.93,0.99,0.98,1.11,0.3023255813953487,0.2666666666666666,0.30000000000000004,0.41666666666666674,0.3191489361702129,0.22807017543859653,0.932,Sep,0.93,Winter,0.93
2019,0.93,0.95,1.17,1.01,0.86,0.9,0.94,0.95,0.93,0.99,0.98,1.11,0.3023255813953487,0.2666666666666666,0.30000000000000004,0.41666666666666674,0.3191489361702129,0.22807017543859653,0.932,Sep,0.93,Spring,1.01
2019,0.93,0.95,1.17,1.01,0.86,0.9,0.94,0.95,0.93,0.99,0.98,1.11,0.3023255813953487,0.2666666666666666,0.30000000000000004,0.41666666666666674,0.3191489361702129,0.22807017543859653,0.932,Sep,0.93,Summer,0.93
2019,0.93,0.95,1.17,1.01,0.86,0.9,0.94,0.95,0.93,0.99,0.98,1.11,0.3023255813953487,0.2666666666666666,0.30000000000000004,0.41666666666666674,0.3191489361702129,0.22807017543859653,0.932,Sep,0.93,Fall,0.97
2019,0.93,0.95,1.17,1.01,0.86,0.9,0.94,0.95,0.93,0.99,0.98,1.11,0.3023255813953487,0.2666666666666666,0.30000000000000004,0.41666666666666674,0.3191489361702129,0.22807017543859653,0.932,Oct,0.99,Winter,0.93
2019,0.93,0.95,1.17,1.01,0.86,0.9,0.94,0.95,0.93,0.99,0.98,1.11,0.3023255813953487,0.2666666666666666,0.30000000000000004,0.41666666666666674,0.3191489361702129,0.22807017543859653,0.932,Oct,0.99,Spring,1.01
2019,0.93,0.95,1.17,1.01,0.86,0.9,0.94,0.95,0.93,0.99,0.98,1.11,0.3023255813953487,0.2666666666666666,0.30000000000000004,0.41666666666666674,0.3191489361702129,0.22807017543859653,0.932,Oct,0.99,Summer,0.93
2019,0.93,0.95,1.17,1.01,0.86,0.9,0.94,0.95,0.93,0.99,0.98,1.11,0.3023255813953487,0.2666666666666666,0.30000000000000004,0.41666666666666674,0.3191489361702129,0.22807017543859653,0.932,Oct,0.99,Fall,0.97
2019,0.93,0.95,1.17,1.01,0.86,0.9,0.94,0.95,0.93,0.99,0.98,1.11,0.3023255813953487,0.2666666666666666,0.30000000000000004,0.41666666666666674,0.3191489361702129,0.22807017543859653,0.932,Nov,0.98,Winter,0.93
2019,0.93,0.95,1.17,1.01,0.86,0.9,0.94,0.95,0.93,0.99,0.98,1.11,0.3023255813953487,0.2666666666666666,0.30000000000000004,0.41666666666666674,0.3191489361702129,0.22807017543859653,0.932,Nov,0.98,Spring,1.01
2019,0.93,0.95,1.17,1.01,0.86,0.9,0.94,0.95,0.93,0.99,0.98,1.11,0.3023255813953487,0.2666666666666666,0.30000000000000004,0.41666666666666674,0.3191489361702129,0.22807017543859653,0.932,Nov,0.98,Summer,0.93
2019,0.93,0.95,1.17,1.01,0.86,0.9,0.94,0.95,0.93,0.99,0.98,1.11,0.3023255813953487,0.2666666666666666,0.30000000000000004,0.41666666666666674,0.3191489361702129,0.22807017543859653,0.932,Nov,0.98,Fall,0.97
2019,0.93,0.95,1.17,1.01,0.86,0.9,0.94,0.95,0.93,0.99,0.98,1.11,0.3023255813953487,0.2666666666666666,0.30000000000000004,0.41666666666666674,0.3191489361702129,0.22807017543859653,0.932,Dec,1.11,Winter,0.93
2019,0.93,0.95,1.17,1.01,0.86,0.9,0.94,0.95,0.93,0.99,0.98,1.11,0.3023255813953487,0.2666666666666666,0.30000000000000004,0.41666666666666674,0.3191489361702129,0.22807017543859653,0.932,Dec,1.11,Spring,1.01
2019,0.93,0.95,1.17,1.01,0.86,0.9,0.94,0.95,0.93,0.99,0.98,1.11,0.3023255813953487,0.2666666666666666,0.30000000000000004,0.41666666666666674,0.3191489361702129,0.22807017543859653,0.932,Dec,1.11,Summer,0.93
2019,0.93,0.95,1.17,1.01,0.86,0.9,0.94,0.95,0.93,0.99,0.98,1.11,0.3023255813953487,0.2666666666666666,0.30000000000000004,0.41666666666666674,0.3191489361702129,0.22807017543859653,0.932,Dec,1.11,Fall,0.97
2020,1.18,1.24,1.18,1.12,1.0,0.91,0.89,0.86,0.96,0.87,1.09,0.79,0.37209302325581395,0.4222222222222225,0.7166666666666663,0.6041666666666667,0.23404255319148937,0.24561403508771917,0.954,Jan,1.18,Winter,1.18
2020,1.18,1.24,1.18,1.12,1.0,0.91,0.89,0.86,0.96,0.87,1.09,0.79,0.37209302325581395,0.4222222222222225,0.7166666666666663,0.6041666666666667,0.23404255319148937,0.24561403508771917,0.954,Jan,1.18,Spring,1.1
2020,1.18,1.24,1.18,1.12,1.0,0.91,0.89,0.86,0.96,0.87,1.09,0.79,0.37209302325581395,0.4222222222222225,0.7166666666666663,0.6041666666666667,0.23404255319148937,0.24561403508771917,0.954,Jan,1.18,Summer,0.89
2020,1.18,1.24,1.18,1.12,1.0,0.91,0.89,0.86,0.96,0.87,1.09,0.79,0.37209302325581395,0.4222222222222225,0.7166666666666663,0.6041666666666667,0.23404255319148937,0.24561403508771917,0.954,Jan,1.18,Fall,0.98
2020,1.18,1.24,1.18,1.12,1.0,0.91,0.89,0.86,0.96,0.87,1.09,0.79,0.37209302325581395,0.4222222222222225,0.7166666666666663,0.6041666666666667,0.23404255319148937,0.24561403508771917,0.954,Feb,1.24,Winter,1.18
2020,1.18,1.24,1.18,1.12,1.0,0.91,0.89,0.86,0.96,0.87,1.09,0.79,0.37209302325581395,0.4222222222222225,0.7166666666666663,0.6041666666666667,0.23404255319148937,0.24561403508771917,0.954,Feb,1.24,Spring,1.1
2020,1.18,1.24,1.18,1.12,1.0,0.91,0.89,0.86,0.96,0.87,1.09,0.79,0.37209302325581395,0.4222222222222225,0.7166666666666663,0.6041666666666667,0.23404255319148937,0.24561403508771917,0.954,Feb,1.24,Summer,0.89
2020,1.18,1.24,1.18,1.12,1.0,0.91,0.89,0.86,0.96,0.87,1.09,0.79,0.37209302325581395,0.4222222222222225,0.7166666666666663,0.6041666666666667,0.23404255319148937,0.24561403508771917,0.954,Feb,1.24,Fall,0.98
2020,1.18,1.24,1.18,1.12,1.0,0.91,0.89,0.86,0.96,0.87,1.09,0.79,0.37209302325581395,0.4222222222222225,0.7166666666666663,0.6041666666666667,0.23404255319148937,0.24561403508771917,0.954,Mar,1.18,Winter,1.18
2020,1.18,1.24,1.18,1.12,1.0,0.91,0.89,0.86,0.96,0.87,1.09,0.79,0.37209302325581395,0.4222222222222225,0.7166666666666663,0.6041666666666667,0.23404255319148937,0.24561403508771917,0.954,Mar,1.18,Spring,1.1
2020,1.18,1.24,1.18,1.12,1.0,0.91,0.89,0.86,0.96,0.87,1.09,0.79,0.37209302325581395,0.4222222222222225,0.7166666666666663,0.6041666666666667,0.23404255319148937,0.24561403508771917,0.954,Mar,1.18,Summer,0.89
2020,1.18,1.24,1.18,1.12,1.0,0.91,0.89,0.86,0.96,0.87,1.09,0.79,0.37209302325581395,0.4222222222222225,0.7166666666666663,0.6041666666666667,0.23404255319148937,0.24561403508771917,0.954,Mar,1.18,Fall,0.98
2020,1.18,1.24,1.18,1.12,1.0,0.91,0.89,0.86,0.96,0.87,1.09,0.79,0.37209302325581395,0.4222222222222225,0.7166666666666663,0.6041666666666667,0.23404255319148937,0.24561403508771917,0.954,Apr,1.12,Winter,1.18
2020,1.18,1.24,1.18,1.12,1.0,0.91,0.89,0.86,0.96,0.87,1.09,0.79,0.37209302325581395,0.4222222222222225,0.7166666666666663,0.6041666666666667,0.23404255319148937,0.24561403508771917,0.954,Apr,1.12,Spring,1.1
2020,1.18,1.24,1.18,1.12,1.0,0.91,0.89,0.86,0.96,0.87,1.09,0.79,0.37209302325581395,0.4222222222222225,0.7166666666666663,0.6041666666666667,0.23404255319148937,0.24561403508771917,0.954,Apr,1.12,Summer,0.89
2020,1.18,1.24,1.18,1.12,1.0,0.91,0.89,0.86,0.96,0.87,1.09,0.79,0.37209302325581395,0.4222222222222225,0.7166666666666663,0.6041666666666667,0.23404255319148937,0.24561403508771917,0.954,Apr,1.12,Fall,0.98
2020,1.18,1.24,1.18,1.12,1.0,0.91,0.89,0.86,0.96,0.87,1.09,0.79,0.37209302325581395,0.4222222222222225,0.7166666666666663,0.6041666666666667,0.23404255319148937,0.24561403508771917,0.954,May,1.0,Winter,1.18
2020,1.18,1.24,1.18,1.12,1.0,0.91,0.89,0.86,0.96,0.87,1.09,0.79,0.37209302325581395,0.4222222222222225,0.7166666666666663,0.6041666666666667,0.23404255319148937,0.24561403508771917,0.954,May,1.0,Spring,1.1
2020,1.18,1.24,1.18,1.12,1.0,0.91,0.89,0.86,0.96,0.87,1.09,0.79,0.37209302325581395,0.4222222222222225,0.7166666666666663,0.6041666666666667,0.23404255319148937,0.24561403508771917,0.954,May,1.0,Summer,0.89
2020,1.18,1.24,1.18,1.12,1.0,0.91,0.89,0.86,0.96,0.87,1.09,0.79,0.37209302325581395,0.4222222222222225,0.7166666666666663,0.6041666666666667,0.23404255319148937,0.24561403508771917,0.954,May,1.0,Fall,0.98
2020,1.18,1.24,1.18,1.12,1.0,0.91,0.89,0.86,0.96,0.87,1.09,0.79,0.37209302325581395,0.4222222222222225,0.7166666666666663,0.6041666666666667,0.23404255319148937,0.24561403508771917,0.954,Jun,0.91,Winter,1.18
2020,1.18,1.24,1.18,1.12,1.0,0.91,0.89,0.86,0.96,0.87,1.09,0.79,0.37209302325581395,0.4222222222222225,0.7166666666666663,0.6041666666666667,0.23404255319148937,0.24561403508771917,0.954,Jun,0.91,Spring,1.1
2020,1.18,1.24,1.18,1.12,1.0,0.91,0.89,0.86,0.96,0.87,1.09,0.79,0.37209302325581395,0.4222222222222225,0.7166666666666663,0.6041666666666667,0.23404255319148937,0.24561403508771917,0.954,Jun,0.91,Summer,0.89
2020,1.18,1.24,1.18,1.12,1.0,0.91,0.89,0.86,0.96,0.87,1.09,0.79,0.37209302325581395,0.4222222222222225,0.7166666666666663,0.6041666666666667,0.23404255319148937,0.24561403508771917,0.954,Jun,0.91,Fall,0.98
2020,1.18,1.24,1.18,1.12,1.0,0.91,0.89,0.86,0.96,0.87,1.09,0.79,0.37209302325581395,0.4222222222222225,0.7166666666666663,0.6041666666666667,0.23404255319148937,0.24561403508771917,0.954,Jul,0.89,Winter,1.18
2020,1.18,1.24,1.18,1.12,1.0,0.91,0.89,0.86,0.96,0.87,1.09,0.79,0.37209302325581395,0.4222222222222225,0.7166666666666663,0.6041666666666667,0.23404255319148937,0.24561403508771917,0.954,Jul,0.89,Spring,1.1
2020,1.18,1.24,1.18,1.12,1.0,0.91,0.89,0.86,0.96,0.87,1.09,0.79,0.37209302325581395,0.4222222222222225,0.7166666666666663,0.6041666666666667,0.23404255319148937,0.24561403508771917,0.954,Jul,0.89,Summer,0.89
2020,1.18,1.24,1.18,1.12,1.0,0.91,0.89,0.86,0.96,0.87,1.09,0.79,0.37209302325581395,0.4222222222222225,0.7166666666666663,0.6041666666666667,0.23404255319148937,0.24561403508771917,0.954,Jul,0.89,Fall,0.98
2020,1.18,1.24,1.18,1.12,1.0,0.91,0.89,0.86,0.96,0.87,1.09,0.79,0.37209302325581395,0.4222222222222225,0.7166666666666663,0.6041666666666667,0.23404255319148937,0.24561403508771917,0.954,Aug,0.86,Winter,1.18
2020,1.18,1.24,1.18,1.12,1.0,0.91,0.89,0.86,0.96,0.87,1.09,0.79,0.37209302325581395,0.4222222222222225,0.7166666666666663,0.6041666666666667,0.23404255319148937,0.24561403508771917,0.954,Aug,0.86,Spring,1.1
2020,1.18,1.24,1.18,1.12,1.0,0.91,0.89,0.86,0.96,0.87,1.09,0.79,0.37209302325581395,0.4222222222222225,0.7166666666666663,0.6041666666666667,0.23404255319148937,0.24561403508771917,0.954,Aug,0.86,Summer,0.89
2020,1.18,1.24,1.18,1.12,1.0,0.91,0.89,0.86,0.96,0.87,1.09,0.79,0.37209302325581395,0.4222222222222225,0.7166666666666663,0.6041666666666667,0.23404255319148937,0.24561403508771917,0.954,Aug,0.86,Fall,0.98
2020,1.18,1.24,1.18,1.12,1.0,0.91,0.89,0.86,0.96,0.87,1.09,0.79,0.37209302325581395,0.4222222222222225,0.7166666666666663,0.6041666666666667,0.23404255319148937,0.24561403508771917,0.954,Sep,0.96,Winter,1.18
2020,1.18,1.24,1.18,1.12,1.0,0.91,0.89,0.86,0.96,0.87,1.09,0.79,0.37209302325581395,0.4222222222222225,0.7166666666666663,0.6041666666666667,0.23404255319148937,0.24561403508771917,0.954,Sep,0.96,Spring,1.1
2020,1.18,1.24,1.18,1.12,1.0,0.91,0.89,0.86,0.96,0.87,1.09,0.79,0.37209302325581395,0.4222222222222225,0.7166666666666663,0.6041666666666667,0.23404255319148937,0.24561403508771917,0.954,Sep,0.96,Summer,0.89
2020,1.18,1.24,1.18,1.12,1.0,0.91,0.89,0.86,0.96,0.87,1.09,0.79,0.37209302325581395,0.4222222222222225,0.7166666666666663,0.6041666666666667,0.23404255319148937,0.24561403508771917,0.954,Sep,0.96,Fall,0.98
2020,1.18,1.24,1.18,1.12,1.0,0.91,0.89,0.86,0.96,0.87,1.09,0.79,0.37209302325581395,0.4222222222222225,0.7166666666666663,0.6041666666666667,0.23404255319148937,0.24561403508771917,0.954,Oct,0.87,Winter,1.18
2020,1.18,1.24,1.18,1.12,1.0,0.91,0.89,0.86,0.96,0.87,1.09,0.79,0.37209302325581395,0.4222222222222225,0.7166666666666663,0.6041666666666667,0.23404255319148937,0.24561403508771917,0.954,Oct,0.87,Spring,1.1
2020,1.18,1.24,1.18,1.12,1.0,0.91,0.89,0.86,0.96,0.87,1.09,0.79,0.37209302325581395,0.4222222222222225,0.7166666666666663,0.6041666666666667,0.23404255319148937,0.24561403508771917,0.954,Oct,0.87,Summer,0.89
2020,1.18,1.24,1.18,1.12,1.0,0.91,0.89,0.86,0.96,0.87,1.09,0.79,0.37209302325581395,0.4222222222222225,0.7166666666666663,0.6041666666666667,0.23404255319148937,0.24561403508771917,0.954,Oct,0.87,Fall,0.98
2020,1.18,1.24,1.18,1.12,1.0,0.91,0.89,0.86,0.96,0.87,1.09,0.79,0.37209302325581395,0.4222222222222225,0.7166666666666663,0.6041666666666667,0.23404255319148937,0.24561403508771917,0.954,Nov,1.09,Winter,1.18
2020,1.18,1.24,1.18,1.12,1.0,0.91,0.89,0.86,0.96,0.87,1.09,0.79,0.37209302325581395,0.4222222222222225,0.7166666666666663,0.6041666666666667,0.23404255319148937,0.24561403508771917,0.954,Nov,1.09,Spring,1.1
2020,1.18,1.24,1.18,1.12,1.0,0.91,0.89,0.86,0.96,0.87,1.09,0.79,0.37209302325581395,0.4222222222222225,0.7166666666666663,0.6041666666666667,0.23404255319148937,0.24561403508771917,0.954,Nov,1.09,Summer,0.89
2020,1.18,1.24,1.18,1.12,1.0,0.91,0.89,0.86,0.96,0.87,1.09,0.79,0.37209302325581395,0.4222222222222225,0.7166666666666663,0.6041666666666667,0.23404255319148937,0.24561403508771917,0.954,Nov,1.09,Fall,0.98
2020,1.18,1.24,1.18,1.12,1.0,0.91,0.89,0.86,0.96,0.87,1.09,0.79,0.37209302325581395,0.4222222222222225,0.7166666666666663,0.6041666666666667,0.23404255319148937,0.24561403508771917,0.954,Dec,0.79,Winter,1.18
2020,1.18,1.24,1.18,1.12,1.0,0.91,0.89,0.86,0.96,0.87,1.09,0.79,0.37209302325581395,0.4222222222222225,0.7166666666666663,0.6041666666666667,0.23404255319148937,0.24561403508771917,0.954,Dec,0.79,Spring,1.1
2020,1.18,1.24,1.18,1.12,1.0,0.91,0.89,0.86,0.96,0.87,1.09,0.79,0.37209302325581395,0.4222222222222225,0.7166666666666663,0.6041666666666667,0.23404255319148937,0.24561403508771917,0.954,Dec,0.79,Summer,0.89
2020,1.18,1.24,1.18,1.12,1.0,0.91,0.89,0.86,0.96,0.87,1.09,0.79,0.37209302325581395,0.4222222222222225,0.7166666666666663,0.6041666666666667,0.23404255319148937,0.24561403508771917,0.954,Dec,0.79,Fall,0.98
2021,0.81,0.64,0.89,0.76,0.79,0.84,0.92,0.81,0.92,0.98,0.92,0.87,0.0,0.0,0.0,0.0,0.17021276595744683,0.17543859649122795,0.9219999999999999,Jan,0.81,Winter,0.75
2021,0.81,0.64,0.89,0.76,0.79,0.84,0.92,0.81,0.92,0.98,0.92,0.87,0.0,0.0,0.0,0.0,0.17021276595744683,0.17543859649122795,0.9219999999999999,Jan,0.81,Spring,0.81
2021,0.81,0.64,0.89,0.76,0.79,0.84,0.92,0.81,0.92,0.98,0.92,0.87,0.0,0.0,0.0,0.0,0.17021276595744683,0.17543859649122795,0.9219999999999999,Jan,0.81,Summer,0.86
2021,0.81,0.64,0.89,0.76,0.79,0.84,0.92,0.81,0.92,0.98,0.92,0.87,0.0,0.0,0.0,0.0,0.17021276595744683,0.17543859649122795,0.9219999999999999,Jan,0.81,Fall,0.94
2021,0.81,0.64,0.89,0.76,0.79,0.84,0.92,0.81,0.92,0.98,0.92,0.87,0.0,0.0,0.0,0.0,0.17021276595744683,0.17543859649122795,0.9219999999999999,Feb,0.64,Winter,0.75
2021,0.81,0.64,0.89,0.76,0.79,0.84,0.92,0.81,0.92,0.98,0.92,0.87,0.0,0.0,0.0,0.0,0.17021276595744683,0.17543859649122795,0.9219999999999999,Feb,0.64,Spring,0.81
2021,0.81,0.64,0.89,0.76,0.79,0.84,0.92,0.81,0.92,0.98,0.92,0.87,0.0,0.0,0.0,0.0,0.17021276595744683,0.17543859649122795,0.9219999999999999,Feb,0.64,Summer,0.86
2021,0.81,0.64,0.89,0.76,0.79,0.84,0.92,0.81,0.92,0.98,0.92,0.87,0.0,0.0,0.0,0.0,0.17021276595744683,0.17543859649122795,0.9219999999999999,Feb,0.64,Fall,0.94
2021,0.81,0.64,0.89,0.76,0.79,0.84,0.92,0.81,0.92,0.98,0.92,0.87,0.0,0.0,0.0,0.0,0.17021276595744683,0.17543859649122795,0.9219999999999999,Mar,0.89,Winter,0.75
2021,0.81,0.64,0.89,0.76,0.79,0.84,0.92,0.81,0.92,0.98,0.92,0.87,0.0,0.0,0.0,0.0,0.17021276595744683,0.17543859649122795,0.9219999999999999,Mar,0.89,Spring,0.81
2021,0.81,0.64,0.89,0.76,0.79,0.84,0.92,0.81,0.92,0.98,0.92,0.87,0.0,0.0,0.0,0.0,0.17021276595744683,0.17543859649122795,0.9219999999999999,Mar,0.89,Summer,0.86
2021,0.81,0.64,0.89,0.76,0.79,0.84,0.92,0.81,0.92,0.98,0.92,0.87,0.0,0.0,0.0,0.0,0.17021276595744683,0.17543859649122795,0.9219999999999999,Mar,0.89,Fall,0.94
2021,0.81,0.64,0.89,0.76,0.79,0.84,0.92,0.81,0.92,0.98,0.92,0.87,0.0,0.0,0.0,0.0,0.17021276595744683,0.17543859649122795,0.9219999999999999,Apr,0.76,Winter,0.75
2021,0.81,0.64,0.89,0.76,0.79,0.84,0.92,0.81,0.92,0.98,0.92,0.87,0.0,0.0,0.0,0.0,0.17021276595744683,0.17543859649122795,0.9219999999999999,Apr,0.76,Spring,0.81
2021,0.81,0.64,0.89,0.76,0.79,0.84,0.92,0.81,0.92,0.98,0.92,0.87,0.0,0.0,0.0,0.0,0.17021276595744683,0.17543859649122795,0.9219999999999999,Apr,0.76,Summer,0.86
2021,0.81,0.64,0.89,0.76,0.79,0.84,0.92,0.81,0.92,0.98,0.92,0.87,0.0,0.0,0.0,0.0,0.17021276595744683,0.17543859649122795,0.9219999999999999,Apr,0.76,Fall,0.94
2021,0.81,0.64,0.89,0.76,0.79,0.84,0.92,0.81,0.92,0.98,0.92,0.87,0.0,0.0,0.0,0.0,0.17021276595744683,0.17543859649122795,0.9219999999999999,May,0.79,Winter,0.75
2021,0.81,0.64,0.89,0.76,0.79,0.84,0.92,0.81,0.92,0.98,0.92,0.87,0.0,0.0,0.0,0.0,0.17021276595744683,0.17543859649122795,0.9219999999999999,May,0.79,Spring,0.81
2021,0.81,0.64,0.89,0.76,0.79,0.84,0.92,0.81,0.92,0.98,0.92,0.87,0.0,0.0,0.0,0.0,0.17021276595744683,0.17543859649122795,0.9219999999999999,May,0.79,Summer,0.86
2021,0.81,0.64,0.89,0.76,0.79,0.84,0.92,0.81,0.92,0.98,0.92,0.87,0.0,0.0,0.0,0.0,0.17021276595744683,0.17543859649122795,0.9219999999999999,May,0.79,Fall,0.94
2021,0.81,0.64,0.89,0.76,0.79,0.84,0.92,0.81,0.92,0.98,0.92,0.87,0.0,0.0,0.0,0.0,0.17021276595744683,0.17543859649122795,0.9219999999999999,Jun,0.84,Winter,0.75
2021,0.81,0.64,0.89,0.76,0.79,0.84,0.92,0.81,0.92,0.98,0.92,0.87,0.0,0.0,0.0,0.0,0.17021276595744683,0.17543859649122795,0.9219999999999999,Jun,0.84,Spring,0.81
2021,0.81,0.64,0.89,0.76,0.79,0.84,0.92,0.81,0.92,0.98,0.92,0.87,0.0,0.0,0.0,0.0,0.17021276595744683,0.17543859649122795,0.9219999999999999,Jun,0.84,Summer,0.86
2021,0.81,0.64,0.89,0.76,0.79,0.84,0.92,0.81,0.92,0.98,0.92,0.87,0.0,0.0,0.0,0.0,0.17021276595744683,0.17543859649122795,0.9219999999999999,Jun,0.84,Fall,0.94
2021,0.81,0.64,0.89,0.76,0.79,0.84,0.92,0.81,0.92,0.98,0.92,0.87,0.0,0.0,0.0,0.0,0.17021276595744683,0.17543859649122795,0.9219999999999999,Jul,0.92,Winter,0.75
2021,0.81,0.64,0.89,0.76,0.79,0.84,0.92,0.81,0.92,0.98,0.92,0.87,0.0,0.0,0.0,0.0,0.17021276595744683,0.17543859649122795,0.9219999999999999,Jul,0.92,Spring,0.81
2021,0.81,0.64,0.89,0.76,0.79,0.84,0.92,0.81,0.92,0.98,0.92,0.87,0.0,0.0,0.0,0.0,0.17021276595744683,0.17543859649122795,0.9219999999999999,Jul,0.92,Summer,0.86
2021,0.81,0.64,0.89,0.76,0.79,0.84,0.92,0.81,0.92,0.98,0.92,0.87,0.0,0.0,0.0,0.0,0.17021276595744683,0.17543859649122795,0.9219999999999999,Jul,0.92,Fall,0.94
2021,0.81,0.64,0.89,0.76,0.79,0.84,0.92,0.81,0.92,0.98,0.92,0.87,0.0,0.0,0.0,0.0,0.17021276595744683,0.17543859649122795,0.9219999999999999,Aug,0.81,Winter,0.75
2021,0.81,0.64,0.89,0.76,0.79,0.84,0.92,0.81,0.92,0.98,0.92,0.87,0.0,0.0,0.0,0.0,0.17021276595744683,0.17543859649122795,0.9219999999999999,Aug,0.81,Spring,0.81
2021,0.81,0.64,0.89,0.76,0.79,0.84,0.92,0.81,0.92,0.98,0.92,0.87,0.0,0.0,0.0,0.0,0.17021276595744683,0.17543859649122795,0.9219999999999999,Aug,0.81,Summer,0.86
2021,0.81,0.64,0.89,0.76,0.79,0.84,0.92,0.81,0.92,0.98,0.92,0.87,0.0,0.0,0.0,0.0,0.17021276595744683,0.17543859649122795,0.9219999999999999,Aug,0.81,Fall,0.94
2021,0.81,0.64,0.89,0.76,0.79,0.84,0.92,0.81,0.92,0.98,0.92,0.87,0.0,0.0,0.0,0.0,0.17021276595744683,0.17543859649122795,0.9219999999999999,Sep,0.92,Winter,0.75
2021,0.81,0.64,0.89,0.76,0.79,0.84,0.92,0.81,0.92,0.98,0.92,0.87,0.0,0.0,0.0,0.0,0.17021276595744683,0.17543859649122795,0.9219999999999999,Sep,0.92,Spring,0.81
2021,0.81,0.64,0.89,0.76,0.79,0.84,0.92,0.81,0.92,0.98,0.92,0.87,0.0,0.0,0.0,0.0,0.17021276595744683,0.17543859649122795,0.9219999999999999,Sep,0.92,Summer,0.86
2021,0.81,0.64,0.89,0.76,0.79,0.84,0.92,0.81,0.92,0.98,0.92,0.87,0.0,0.0,0.0,0.0,0.17021276595744683,0.17543859649122795,0.9219999999999999,Sep,0.92,Fall,0.94
2021,0.81,0.64,0.89,0.76,0.79,0.84,0.92,0.81,0.92,0.98,0.92,0.87,0.0,0.0,0.0,0.0,0.17021276595744683,0.17543859649122795,0.9219999999999999,Oct,0.98,Winter,0.75
2021,0.81,0.64,0.89,0.76,0.79,0.84,0.92,0.81,0.92,0.98,0.92,0.87,0.0,0.0,0.0,0.0,0.17021276595744683,0.17543859649122795,0.9219999999999999,Oct,0.98,Spring,0.81
2021,0.81,0.64,0.89,0.76,0.79,0.84,0.92,0.81,0.92,0.98,0.92,0.87,0.0,0.0,0.0,0.0,0.17021276595744683,0.17543859649122795,0.9219999999999999,Oct,0.98,Summer,0.86
2021,0.81,0.64,0.89,0.76,0.79,0.84,0.92,0.81,0.92,0.98,0.92,0.87,0.0,0.0,0.0,0.0,0.17021276595744683,0.17543859649122795,0.9219999999999999,Oct,0.98,Fall,0.94
2021,0.81,0.64,0.89,0.76,0.79,0.84,0.92,0.81,0.92,0.98,0.92,0.87,0.0,0.0,0.0,0.0,0.17021276595744683,0.17543859649122795,0.9219999999999999,Nov,0.92,Winter,0.75
2021,0.81,0.64,0.89,0.76,0.79,0.84,0.92,0.81,0.92,0.98,0.92,0.87,0.0,0.0,0.0,0.0,0.17021276595744683,0.17543859649122795,0.9219999999999999,Nov,0.92,Spring,0.81
2021,0.81,0.64,0.89,0.76,0.79,0.84,0.92,0.81,0.92,0.98,0.92,0.87,0.0,0.0,0.0,0.0,0.17021276595744683,0.17543859649122795,0.9219999999999999,Nov,0.92,Summer,0.86
2021,0.81,0.64,0.89,0.76,0.79,0.84,0.92,0.81,0.92,0.98,0.92,0.87,0.0,0.0,0.0,0.0,0.17021276595744683,0.17543859649122795,0.9219999999999999,Nov,0.92,Fall,0.94
2021,0.81,0.64,0.89,0.76,0.79,0.84,0.92,0.81,0.92,0.98,0.92,0.87,0.0,0.0,0.0,0.0,0.17021276595744683,0.17543859649122795,0.9219999999999999,Dec,0.87,Winter,0.75
2021,0.81,0.64,0.89,0.76,0.79,0.84,0.92,0.81,0.92,0.98,0.92,0.87,0.0,0.0,0.0,0.0,0.17021276595744683,0.17543859649122795,0.9219999999999999,Dec,0.87,Spring,0.81
2021,0.81,0.64,0.89,0.76,0.79,0.84,0.92,0.81,0.92,0.98,0.92,0.87,0.0,0.0,0.0,0.0,0.17021276595744683,0.17543859649122795,0.9219999999999999,Dec,0.87,Summer,0.86
2021,0.81,0.64,0.89,0.76,0.79,0.84,0.92,0.81,0.92,0.98,0.92,0.87,0.0,0.0,0.0,0.0,0.17021276595744683,0.17543859649122795,0.9219999999999999,Dec,0.87,Fall,0.94
2022,0.91,0.89,1.04,0.83,0.84,0.92,0.94,0.95,0.89,0.97,0.73,0.8,0.09302325581395343,0.13333333333333353,0.23333333333333317,0.20833333333333326,0.34042553191489344,0.0350877192982455,0.916,Jan,0.91,Winter,0.89
2022,0.91,0.89,1.04,0.83,0.84,0.92,0.94,0.95,0.89,0.97,0.73,0.8,0.09302325581395343,0.13333333333333353,0.23333333333333317,0.20833333333333326,0.34042553191489344,0.0350877192982455,0.916,Jan,0.91,Spring,0.91
2022,0.91,0.89,1.04,0.83,0.84,0.92,0.94,0.95,0.89,0.97,0.73,0.8,0.09302325581395343,0.13333333333333353,0.23333333333333317,0.20833333333333326,0.34042553191489344,0.0350877192982455,0.916,Jan,0.91,Summer,0.94
2022,0.91,0.89,1.04,0.83,0.84,0.92,0.94,0.95,0.89,0.97,0.73,0.8,0.09302325581395343,0.13333333333333353,0.23333333333333317,0.20833333333333326,0.34042553191489344,0.0350877192982455,0.916,Jan,0.91,Fall,0.86
2022,0.91,0.89,1.04,0.83,0.84,0.92,0.94,0.95,0.89,0.97,0.73,0.8,0.09302325581395343,0.13333333333333353,0.23333333333333317,0.20833333333333326,0.34042553191489344,0.0350877192982455,0.916,Feb,0.89,Winter,0.89
2022,0.91,0.89,1.04,0.83,0.84,0.92,0.94,0.95,0.89,0.97,0.73,0.8,0.09302325581395343,0.13333333333333353,0.23333333333333317,0.20833333333333326,0.34042553191489344,0.0350877192982455,0.916,Feb,0.89,Spring,0.91
2022,0.91,0.89,1.04,0.83,0.84,0.92,0.94,0.95,0.89,0.97,0.73,0.8,0.09302325581395343,0.13333333333333353,0.23333333333333317,0.20833333333333326,0.34042553191489344,0.0350877192982455,0.916,Feb,0.89,Summer,0.94
2022,0.91,0.89,1.04,0.83,0.84,0.92,0.94,0.95,0.89,0.97,0.73,0.8,0.09302325581395343,0.13333333333333353,0.23333333333333317,0.20833333333333326,0.34042553191489344,0.0350877192982455,0.916,Feb,0.89,Fall,0.86
2022,0.91,0.89,1.04,0.83,0.84,0.92,0.94,0.95,0.89,0.97,0.73,0.8,0.09302325581395343,0.13333333333333353,0.23333333333333317,0.20833333333333326,0.34042553191489344,0.0350877192982455,0.916,Mar,1.04,Winter,0.89
2022,0.91,0.89,1.04,0.83,0.84,0.92,0.94,0.95,0.89,0.97,0.73,0.8,0.09302325581395343,0.13333333333333353,0.23333333333333317,0.20833333333333326,0.34042553191489344,0.0350877192982455,0.916,Mar,1.04,Spring,0.91
2022,0.91,0.89,1.04,0.83,0.84,0.92,0.94,0.95,0.89,0.97,0.73,0.8,0.09302325581395343,0.13333333333333353,0.23333333333333317,0.20833333333333326,0.34042553191489344,0.0350877192982455,0.916,Mar,1.04,Summer,0.94
2022,0.91,0.89,1.04,0.83,0.84,0.92,0.94,0.95,0.89,0.97,0.73,0.8,0.09302325581395343,0.13333333333333353,0.23333333333333317,0.20833333333333326,0.34042553191489344,0.0350877192982455,0.916,Mar,1.04,Fall,0.86
2022,0.91,0.89,1.04,0.83,0.84,0.92,0.94,0.95,0.89,0.97,0.73,0.8,0.09302325581395343,0.13333333333333353,0.23333333333333317,0.20833333333333326,0.34042553191489344,0.0350877192982455,0.916,Apr,0.83,Winter,0.89
2022,0.91,0.89,1.04,0.83,0.84,0.92,0.94,0.95,0.89,0.97,0.73,0.8,0.09302325581395343,0.13333333333333353,0.23333333333333317,0.20833333333333326,0.34042553191489344,0.0350877192982455,0.916,Apr,0.83,Spring,0.91
2022,0.91,0.89,1.04,0.83,0.84,0.92,0.94,0.95,0.89,0.97,0.73,0.8,0.09302325581395343,0.13333333333333353,0.23333333333333317,0.20833333333333326,0.34042553191489344,0.0350877192982455,0.916,Apr,0.83,Summer,0.94
2022,0.91,0.89,1.04,0.83,0.84,0.92,0.94,0.95,0.89,0.97,0.73,0.8,0.09302325581395343,0.13333333333333353,0.23333333333333317,0.20833333333333326,0.34042553191489344,0.0350877192982455,0.916,Apr,0.83,Fall,0.86
2022,0.91,0.89,1.04,0.83,0.84,0.92,0.94,0.95,0.89,0.97,0.73,0.8,0.09302325581395343,0.13333333333333353,0.23333333333333317,0.20833333333333326,0.34042553191489344,0.0350877192982455,0.916,May,0.84,Winter,0.89
2022,0.91,0.89,1.04,0.83,0.84,0.92,0.94,0.95,0.89,0.97,0.73,0.8,0.09302325581395343,0.13333333333333353,0.23333333333333317,0.20833333333333326,0.34042553191489344,0.0350877192982455,0.916,May,0.84,Spring,0.91
2022,0.91,0.89,1.04,0.83,0.84,0.92,0.94,0.95,0.89,0.97,0.73,0.8,0.09302325581395343,0.13333333333333353,0.23333333333333317,0.20833333333333326,0.34042553191489344,0.0350877192982455,0.916,May,0.84,Summer,0.94
2022,0.91,0.89,1.04,0.83,0.84,0.92,0.94,0.95,0.89,0.97,0.73,0.8,0.09302325581395343,0.13333333333333353,0.23333333333333317,0.20833333333333326,0.34042553191489344,0.0350877192982455,0.916,May,0.84,Fall,0.86
2022,0.91,0.89,1.04,0.83,0.84,0.92,0.94,0.95,0.89,0.97,0.73,0.8,0.09302325581395343,0.13333333333333353,0.23333333333333317,0.20833333333333326,0.34042553191489344,0.0350877192982455,0.916,Jun,0.92,Winter,0.89
2022,0.91,0.89,1.04,0.83,0.84,0.92,0.94,0.95,0.89,0.97,0.73,0.8,0.09302325581395343,0.13333333333333353,0.23333333333333317,0.20833333333333326,0.34042553191489344,0.0350877192982455,0.916,Jun,0.92,Spring,0.91
2022,0.91,0.89,1.04,0.83,0.84,0.92,0.94,0.95,0.89,0.97,0.73,0.8,0.09302325581395343,0.13333333333333353,0.23333333333333317,0.20833333333333326,0.34042553191489344,0.0350877192982455,0.916,Jun,0.92,Summer,0.94
2022,0.91,0.89,1.04,0.83,0.84,0.92,0.94,0.95,0.89,0.97,0.73,0.8,0.09302325581395343,0.13333333333333353,0.23333333333333317,0.20833333333333326,0.34042553191489344,0.0350877192982455,0.916,Jun,0.92,Fall,0.86
2022,0.91,0.89,1.04,0.83,0.84,0.92,0.94,0.95,0.89,0.97,0.73,0.8,0.09302325581395343,0.13333333333333353,0.23333333333333317,0.20833333333333326,0.34042553191489344,0.0350877192982455,0.916,Jul,0.94,Winter,0.89
2022,0.91,0.89,1.04,0.83,0.84,0.92,0.94,0.95,0.89,0.97,0.73,0.8,0.09302325581395343,0.13333333333333353,0.23333333333333317,0.20833333333333326,0.34042553191489344,0.0350877192982455,0.916,Jul,0.94,Spring,0.91
2022,0.91,0.89,1.04,0.83,0.84,0.92,0.94,0.95,0.89,0.97,0.73,0.8,0.09302325581395343,0.13333333333333353,0.23333333333333317,0.20833333333333326,0.34042553191489344,0.0350877192982455,0.916,Jul,0.94,Summer,0.94
2022,0.91,0.89,1.04,0.83,0.84,0.92,0.94,0.95,0.89,0.97,0.73,0.8,0.09302325581395343,0.13333333333333353,0.23333333333333317,0.20833333333333326,0.34042553191489344,0.0350877192982455,0.916,Jul,0.94,Fall,0.86
2022,0.91,0.89,1.04,0.83,0.84,0.92,0.94,0.95,0.89,0.97,0.73,0.8,0.09302325581395343,0.13333333333333353,0.23333333333333317,0.20833333333333326,0.34042553191489344,0.0350877192982455,0.916,Aug,0.95,Winter,0.89
2022,0.91,0.89,1.04,0.83,0.84,0.92,0.94,0.95,0.89,0.97,0.73,0.8,0.09302325581395343,0.13333333333333353,0.23333333333333317,0.20833333333333326,0.34042553191489344,0.0350877192982455,0.916,Aug,0.95,Spring,0.91
2022,0.91,0.89,1.04,0.83,0.84,0.92,0.94,0.95,0.89,0.97,0.73,0.8,0.09302325581395343,0.13333333333333353,0.23333333333333317,0.20833333333333326,0.34042553191489344,0.0350877192982455,0.916,Aug,0.95,Summer,0.94
2022,0.91,0.89,1.04,0.83,0.84,0.92,0.94,0.95,0.89,0.97,0.73,0.8,0.09302325581395343,0.13333333333333353,0.23333333333333317,0.20833333333333326,0.34042553191489344,0.0350877192982455,0.916,Aug,0.95,Fall,0.86
2022,0.91,0.89,1.04,0.83,0.84,0.92,0.94,0.95,0.89,0.97,0.73,0.8,0.09302325581395343,0.13333333333333353,0.23333333333333317,0.20833333333333326,0.34042553191489344,0.0350877192982455,0.916,Sep,0.89,Winter,0.89
2022,0.91,0.89,1.04,0.83,0.84,0.92,0.94,0.95,0.89,0.97,0.73,0.8,0.09302325581395343,0.13333333333333353,0.23333333333333317,0.20833333333333326,0.34042553191489344,0.0350877192982455,0.916,Sep,0.89,Spring,0.91
2022,0.91,0.89,1.04,0.83,0.84,0.92,0.94,0.95,0.89,0.97,0.73,0.8,0.09302325581395343,0.13333333333333353,0.23333333333333317,0.20833333333333326,0.34042553191489344,0.0350877192982455,0.916,Sep,0.89,Summer,0.94
2022,0.91,0.89,1.04,0.83,0.84,0.92,0.94,0.95,0.89,0.97,0.73,0.8,0.09302325581395343,0.13333333333333353,0.23333333333333317,0.20833333333333326,0.34042553191489344,0.0350877192982455,0.916,Sep,0.89,Fall,0.86
2022,0.91,0.89,1.04,0.83,0.84,0.92,0.94,0.95,0.89,0.97,0.73,0.8,0.09302325581395343,0.13333333333333353,0.23333333333333317,0.20833333333333326,0.34042553191489344,0.0350877192982455,0.916,Oct,0.97,Winter,0.89
2022,0.91,0.89,1.04,0.83,0.84,0.92,0.94,0.95,0.89,0.97,0.73,0.8,0.09302325581395343,0.13333333333333353,0.23333333333333317,0.20833333333333326,0.34042553191489344,0.0350877192982455,0.916,Oct,0.97,Spring,0.91
2022,0.91,0.89,1.04,0.83,0.84,0.92,0.94,0.95,0.89,0.97,0.73,0.8,0.09302325581395343,0.13333333333333353,0.23333333333333317,0.20833333333333326,0.34042553191489344,0.0350877192982455,0.916,Oct,0.97,Summer,0.94
2022,0.91,0.89,1.04,0.83,0.84,0.92,0.94,0.95,0.89,0.97,0.73,0.8,0.09302325581395343,0.13333333333333353,0.23333333333333317,0.20833333333333326,0.34042553191489344,0.0350877192982455,0.916,Oct,0.97,Fall,0.86
2022,0.91,0.89,1.04,0.83,0.84,0.92,0.94,0.95,0.89,0.97,0.73,0.8,0.09302325581395343,0.13333333333333353,0.23333333333333317,0.20833333333333326,0.34042553191489344,0.0350877192982455,0.916,Nov,0.73,Winter,0.89
2022,0.91,0.89,1.04,0.83,0.84,0.92,0.94,0.95,0.89,0.97,0.73,0.8,0.09302325581395343,0.13333333333333353,0.23333333333333317,0.20833333333333326,0.34042553191489344,0.0350877192982455,0.916,Nov,0.73,Spring,0.91
2022,0.91,0.89,1.04,0.83,0.84,0.92,0.94,0.95,0.89,0.97,0.73,0.8,0.09302325581395343,0.13333333333333353,0.23333333333333317,0.20833333333333326,0.34042553191489344,0.0350877192982455,0.916,Nov,0.73,Summer,0.94
2022,0.91,0.89,1.04,0.83,0.84,0.92,0.94,0.95,0.89,0.97,0.73,0.8,0.09302325581395343,0.13333333333333353,0.23333333333333317,0.20833333333333326,0.34042553191489344,0.0350877192982455,0.916,Nov,0.73,Fall,0.86
2022,0.91,0.89,1.04,0.83,0.84,0.92,0.94,0.95,0.89,0.97,0.73,0.8,0.09302325581395343,0.13333333333333353,0.23333333333333317,0.20833333333333326,0.34042553191489344,0.0350877192982455,0.916,Dec,0.8,Winter,0.89
2022,0.91,0.89,1.04,0.83,0.84,0.92,0.94,0.95,0.89,0.97,0.73,0.8,0.09302325581395343,0.13333333333333353,0.23333333333333317,0.20833333333333326,0.34042553191489344,0.0350877192982455,0.916,Dec,0.8,Spring,0.91
2022,0.91,0.89,1.04,0.83,0.84,0.92,0.94,0.95,0.89,0.97,0.73,0.8,0.09302325581395343,0.13333333333333353,0.23333333333333317,0.20833333333333326,0.34042553191489344,0.0350877192982455,0.916,Dec,0.8,Summer,0.94
2022,0.91,0.89,1.04,0.83,0.84,0.92,0.94,0.95,0.89,0.97,0.73,0.8,0.09302325581395343,0.13333333333333353,0.23333333333333317,0.20833333333333326,0.34042553191489344,0.0350877192982455,0.916,Dec,0.8,Fall,0.86
2023,0.88,0.97,1.23,0.99,0.94,1.08,1.19,1.19,1.48,1.34,1.42,1.35,0.7441860465116277,0.6444444444444444,0.21666666666666656,0.5000000000000002,0.808510638297872,1.0,0.9799999999999999,Jan,0.88,Winter,0.88
2023,0.88,0.97,1.23,0.99,0.94,1.08,1.19,1.19,1.48,1.34,1.42,1.35,0.7441860465116277,0.6444444444444444,0.21666666666666656,0.5000000000000002,0.808510638297872,1.0,0.9799999999999999,Jan,0.88,Spring,1.05
2023,0.88,0.97,1.23,0.99,0.94,1.08,1.19,1.19,1.48,1.34,1.42,1.35,0.7441860465116277,0.6444444444444444,0.21666666666666656,0.5000000000000002,0.808510638297872,1.0,0.9799999999999999,Jan,0.88,Summer,1.16
2023,0.88,0.97,1.23,0.99,0.94,1.08,1.19,1.19,1.48,1.34,1.42,1.35,0.7441860465116277,0.6444444444444444,0.21666666666666656,0.5000000000000002,0.808510638297872,1.0,0.9799999999999999,Jan,0.88,Fall,1.41
2023,0.88,0.97,1.23,0.99,0.94,1.08,1.19,1.19,1.48,1.34,1.42,1.35,0.7441860465116277,0.6444444444444444,0.21666666666666656,0.5000000000000002,0.808510638297872,1.0,0.9799999999999999,Feb,0.97,Winter,0.88
2023,0.88,0.97,1.23,0.99,0.94,1.08,1.19,1.19,1.48,1.34,1.42,1.35,0.7441860465116277,0.6444444444444444,0.21666666666666656,0.5000000000000002,0.808510638297872,1.0,0.9799999999999999,Feb,0.97,Spring,1.05
2023,0.88,0.97,1.23,0.99,0.94,1.08,1.19,1.19,1.48,1.34,1.42,1.35,0.7441860465116277,0.6444444444444444,0.21666666666666656,0.5000000000000002,0.808510638297872,1.0,0.9799999999999999,Feb,0.97,Summer,1.16
2023,0.88,0.97,1.23,0.99,0.94,1.08,1.19,1.19,1.48,1.34,1.42,1.35,0.7441860465116277,0.6444444444444444,0.21666666666666656,0.5000000000000002,0.808510638297872,1.0,0.9799999999999999,Feb,0.97,Fall,1.41
2023,0.88,0.97,1.23,0.99,0.94,1.08,1.19,1.19,1.48,1.34,1.42,1.35,0.7441860465116277,0.6444444444444444,0.21666666666666656,0.5000000000000002,0.808510638297872,1.0,0.9799999999999999,Mar,1.23,Winter,0.88
2023,0.88,0.97,1.23,0.99,0.94,1.08,1.19,1.19,1.48,1.34,1.42,1.35,0.7441860465116277,0.6444444444444444,0.21666666666666656,0.5000000000000002,0.808510638297872,1.0,0.9799999999999999,Mar,1.23,Spring,1.05
2023,0.88,0.97,1.23,0.99,0.94,1.08,1.19,1.19,1.48,1.34,1.42,1.35,0.7441860465116277,0.6444444444444444,0.21666666666666656,0.5000000000000002,0.808510638297872,1.0,0.9799999999999999,Mar,1.23,Summer,1.16
2023,0.88,0.97,1.23,0.99,0.94,1.08,1.19,1.19,1.48,1.34,1.42,1.35,0.7441860465116277,0.6444444444444444,0.21666666666666656,0.5000000000000002,0.808510638297872,1.0,0.9799999999999999,Mar,1.23,Fall,1.41
2023,0.88,0.97,1.23,0.99,0.94,1.08,1.19,1.19,1.48,1.34,1.42,1.35,0.7441860465116277,0.6444444444444444,0.21666666666666656,0.5000000000000002,0.808510638297872,1.0,0.9799999999999999,Apr,0.99,Winter,0.88
2023,0.88,0.97,1.23,0.99,0.94,1.08,1.19,1.19,1.48,1.34,1.42,1.35,0.7441860465116277,0.6444444444444444,0.21666666666666656,0.5000000000000002,0.808510638297872,1.0,0.9799999999999999,Apr,0.99,Spring,1.05
2023,0.88,0.97,1.23,0.99,0.94,1.08,1.19,1.19,1.48,1.34,1.42,1.35,0.7441860465116277,0.6444444444444444,0.21666666666666656,0.5000000000000002,0.808510638297872,1.0,0.9799999999999999,Apr,0.99,Summer,1.16
2023,0.88,0.97,1.23,0.99,0.94,1.08,1.19,1.19,1.48,1.34,1.42,1.35,0.7441860465116277,0.6444444444444444,0.21666666666666656,0.5000000000000002,0.808510638297872,1.0,0.9799999999999999,Apr,0.99,Fall,1.41
2023,0.88,0.97,1.23,0.99,0.94,1.08,1.19,1.19,1.48,1.34,1.42,1.35,0.7441860465116277,0.6444444444444444,0.21666666666666656,0.5000000000000002,0.808510638297872,1.0,0.9799999999999999,May,0.94,Winter,0.88
2023,0.88,0.97,1.23,0.99,0.94,1.08,1.19,1.19,1.48,1.34,1.42,1.35,0.7441860465116277,0.6444444444444444,0.21666666666666656,0.5000000000000002,0.808510638297872,1.0,0.9799999999999999,May,0.94,Spring,1.05
2023,0.88,0.97,1.23,0.99,0.94,1.08,1.19,1.19,1.48,1.34,1.42,1.35,0.7441860465116277,0.6444444444444444,0.21666666666666656,0.5000000000000002,0.808510638297872,1.0,0.9799999999999999,May,0.94,Summer,1.16
2023,0.88,0.97,1.23,0.99,0.94,1.08,1.19,1.19,1.48,1.34,1.42,1.35,0.7441860465116277,0.6444444444444444,0.21666666666666656,0.5000000000000002,0.808510638297872,1.0,0.9799999999999999,May,0.94,Fall,1.41
2023,0.88,0.97,1.23,0.99,0.94,1.08,1.19,1.19,1.48,1.34,1.42,1.35,0.7441860465116277,0.6444444444444444,0.21666666666666656,0.5000000000000002,0.808510638297872,1.0,0.9799999999999999,Jun,1.08,Winter,0.88
2023,0.88,0.97,1.23,0.99,0.94,1.08,1.19,1.19,1.48,1.34,1.42,1.35,0.7441860465116277,0.6444444444444444,0.21666666666666656,0.5000000000000002,0.808510638297872,1.0,0.9799999999999999,Jun,1.08,Spring,1.05
2023,0.88,0.97,1.23,0.99,0.94,1.08,1.19,1.19,1.48,1.34,1.42,1.35,0.7441860465116277,0.6444444444444444,0.21666666666666656,0.5000000000000002,0.808510638297872,1.0,0.9799999999999999,Jun,1.08,Summer,1.16
2023,0.88,0.97,1.23,0.99,0.94,1.08,1.19,1.19,1.48,1.34,1.42,1.35,0.7441860465116277,0.6444444444444444,0.21666666666666656,0.5000000000000002,0.808510638297872,1.0,0.9799999999999999,Jun,1.08,Fall,1.41
2023,0.88,0.97,1.23,0.99,0.94,1.08,1.19,1.19,1.48,1.34,1.42,1.35,0.7441860465116277,0.6444444444444444,0.21666666666666656,0.5000000000000002,0.808510638297872,1.0,0.9799999999999999,Jul,1.19,Winter,0.88
2023,0.88,0.97,1.23,0.99,0.94,1.08,1.19,1.19,1.48,1.34,1.42,1.35,0.7441860465116277,0.6444444444444444,0.21666666666666656,0.5000000000000002,0.808510638297872,1.0,0.9799999999999999,Jul,1.19,Spring,1.05
2023,0.88,0.97,1.23,0.99,0.94,1.08,1.19,1.19,1.48,1.34,1.42,1.35,0.7441860465116277,0.6444444444444444,0.21666666666666656,0.5000000000000002,0.808510638297872,1.0,0.9799999999999999,Jul,1.19,Summer,1.16
2023,0.88,0.97,1.23,0.99,0.94,1.08,1.19,1.19,1.48,1.34,1.42,1.35,0.7441860465116277,0.6444444444444444,0.21666666666666656,0.5000000000000002,0.808510638297872,1.0,0.9799999999999999,Jul,1.19,Fall,1.41
2023,0.88,0.97,1.23,0.99,0.94,1.08,1.19,1.19,1.48,1.34,1.42,1.35,0.7441860465116277,0.6444444444444444,0.21666666666666656,0.5000000000000002,0.808510638297872,1.0,0.9799999999999999,Aug,1.19,Winter,0.88
2023,0.88,0.97,1.23,0.99,0.94,1.08,1.19,1.19,1.48,1.34,1.42,1.35,0.7441860465116277,0.6444444444444444,0.21666666666666656,0.5000000000000002,0.808510638297872,1.0,0.9799999999999999,Aug,1.19,Spring,1.05
2023,0.88,0.97,1.23,0.99,0.94,1.08,1.19,1.19,1.48,1.34,1.42,1.35,0.7441860465116277,0.6444444444444444,0.21666666666666656,0.5000000000000002,0.808510638297872,1.0,0.9799999999999999,Aug,1.19,Summer,1.16
2023,0.88,0.97,1.23,0.99,0.94,1.08,1.19,1.19,1.48,1.34,1.42,1.35,0.7441860465116277,0.6444444444444444,0.21666666666666656,0.5000000000000002,0.808510638297872,1.0,0.9799999999999999,Aug,1.19,Fall,1.41
2023,0.88,0.97,1.23,0.99,0.94,1.08,1.19,1.19,1.48,1.34,1.42,1.35,0.7441860465116277,0.6444444444444444,0.21666666666666656,0.5000000000000002,0.808510638297872,1.0,0.9799999999999999,Sep,1.48,Winter,0.88
2023,0.88,0.97,1.23,0.99,0.94,1.08,1.19,1.19,1.48,1.34,1.42,1.35,0.7441860465116277,0.6444444444444444,0.21666666666666656,0.5000000000000002,0.808510638297872,1.0,0.9799999999999999,Sep,1.48,Spring,1.05
2023,0.88,0.97,1.23,0.99,0.94,1.08,1.19,1.19,1.48,1.34,1.42,1.35,0.7441860465116277,0.6444444444444444,0.21666666666666656,0.5000000000000002,0.808510638297872,1.0,0.9799999999999999,Sep,1.48,Summer,1.16
2023,0.88,0.97,1.23,0.99,0.94,1.08,1.19,1.19,1.48,1.34,1.42,1.35,0.7441860465116277,0.6444444444444444,0.21666666666666656,0.5000000000000002,0.808510638297872,1.0,0.9799999999999999,Sep,1.48,Fall,1.41
2023,0.88,0.97,1.23,0.99,0.94,1.08,1.19,1.19,1.48,1.34,1.42,1.35,0.7441860465116277,0.6444444444444444,0.21666666666666656,0.5000000000000002,0.808510638297872,1.0,0.9799999999999999,Oct,1.34,Winter,0.88
2023,0.88,0.97,1.23,0.99,0.94,1.08,1.19,1.19,1.48,1.34,1.42,1.35,0.7441860465116277,0.6444444444444444,0.21666666666666656,0.5000000000000002,0.808510638297872,1.0,0.9799999999999999,Oct,1.34,Spring,1.05
2023,0.88,0.97,1.23,0.99,0.94,1.08,1.19,1.19,1.48,1.34,1.42,1.35,0.7441860465116277,0.6444444444444444,0.21666666666666656,0.5000000000000002,0.808510638297872,1.0,0.9799999999999999,Oct,1.34,Summer,1.16
2023,0.88,0.97,1.23,0.99,0.94,1.08,1.19,1.19,1.48,1.34,1.42,1.35,0.7441860465116277,0.6444444444444444,0.21666666666666656,0.5000000000000002,0.808510638297872,1.0,0.9799999999999999,Oct,1.34,Fall,1.41
2023,0.88,0.97,1.23,0.99,0.94,1.08,1.19,1.19,1.48,1.34,1.42,1.35,0.7441860465116277,0.6444444444444444,0.21666666666666656,0.5000000000000002,0.808510638297872,1.0,0.9799999999999999,Nov,1.42,Winter,0.88
2023,0.88,0.97,1.23,0.99,0.94,1.08,1.19,1.19,1.48,1.34,1.42,1.35,0.7441860465116277,0.6444444444444444,0.21666666666666656,0.5000000000000002,0.808510638297872,1.0,0.9799999999999999,Nov,1.42,Spring,1.05
2023,0.88,0.97,1.23,0.99,0.94,1.08,1.19,1.19,1.48,1.34,1.42,1.35,0.7441860465116277,0.6444444444444444,0.21666666666666656,0.5000000000000002,0.808510638297872,1.0,0.9799999999999999,Nov,1.42,Summer,1.16
2023,0.88,0.97,1.23,0.99,0.94,1.08,1.19,1.19,1.48,1.34,1.42,1.35,0.7441860465116277,0.6444444444444444,0.21666666666666656,0.5000000000000002,0.808510638297872,1.0,0.9799999999999999,Nov,1.42,Fall,1.41
2023,0.88,0.97,1.23,0.99,0.94,1.08,1.19,1.19,1.48,1.34,1.42,1.35,0.7441860465116277,0.6444444444444444,0.21666666666666656,0.5000000000000002,0.808510638297872,1.0,0.9799999999999999,Dec,1.35,Winter,0.88
2023,0.88,0.97,1.23,0.99,0.94,1.08,1.19,1.19,1.48,1.34,1.42,1.35,0.7441860465116277,0.6444444444444444,0.21666666666666656,0.5000000000000002,0.808510638297872,1.0,0.9799999999999999,Dec,1.35,Spring,1.05
2023,0.88,0.97,1.23,0.99,0.94,1.08,1.19,1.19,1.48,1.34,1.42,1.35,0.7441860465116277,0.6444444444444444,0.21666666666666656,0.5000000000000002,0.808510638297872,1.0,0.9799999999999999,Dec,1.35,Summer,1.16
2023,0.88,0.97,1.23,0.99,0.94,1.08,1.19,1.19,1.48,1.34,1.42,1.35,0.7441860465116277,0.6444444444444444,0.21666666666666656,0.5000000000000002,0.808510638297872,1.0,0.9799999999999999,Dec,1.35,Fall,1.41
2024,1.24,1.44,1.39,1.31,1.16,1.24,1.2,1.3,1.23,1.33,1.29,1.26,0.9999999999999998,1.0,1.0,1.0000000000000002,1.0,0.7894736842105265,1.0399999999999998,Jan,1.24,Winter,1.35
2024,1.24,1.44,1.39,1.31,1.16,1.24,1.2,1.3,1.23,1.33,1.29,1.26,0.9999999999999998,1.0,1.0,1.0000000000000002,1.0,0.7894736842105265,1.0399999999999998,Jan,1.24,Spring,1.29
2024,1.24,1.44,1.39,1.31,1.16,1.24,1.2,1.3,1.23,1.33,1.29,1.26,0.9999999999999998,1.0,1.0,1.0000000000000002,1.0,0.7894736842105265,1.0399999999999998,Jan,1.24,Summer,1.25
2024,1.24,1.44,1.39,1.31,1.16,1.24,1.2,1.3,1.23,1.33,1.29,1.26,0.9999999999999998,1.0,1.0,1.0000000000000002,1.0,0.7894736842105265,1.0399999999999998,Jan,1.24,Fall,1.29
2024,1.24,1.44,1.39,1.31,1.16,1.24,1.2,1.3,1.23,1.33,1.29,1.26,0.9999999999999998,1.0,1.0,1.0000000000000002,1.0,0.7894736842105265,1.0399999999999998,Feb,1.44,Winter,1.35
2024,1.24,1.44,1.39,1.31,1.16,1.24,1.2,1.3,1.23,1.33,1.29,1.26,0.9999999999999998,1.0,1.0,1.0000000000000002,1.0,0.7894736842105265,1.0399999999999998,Feb,1.44,Spring,1.29
2024,1.24,1.44,1.39,1.31,1.16,1.24,1.2,1.3,1.23,1.33,1.29,1.26,0.9999999999999998,1.0,1.0,1.0000000000000002,1.0,0.7894736842105265,1.0399999999999998,Feb,1.44,Summer,1.25
2024,1.24,1.44,1.39,1.31,1.16,1.24,1.2,1.3,1.23,1.33,1.29,1.26,0.9999999999999998,1.0,1.0,1.0000000000000002,1.0,0.7894736842105265,1.0399999999999998,Feb,1.44,Fall,1.29
2024,1.24,1.44,1.39,1.31,1.16,1.24,1.2,1.3,1.23,1.33,1.29,1.26,0.9999999999999998,1.0,1.0,1.0000000000000002,1.0,0.7894736842105265,1.0399999999999998,Mar,1.39,Winter,1.35
2024,1.24,1.44,1.39,1.31,1.16,1.24,1.2,1.3,1.23,1.33,1.29,1.26,0.9999999999999998,1.0,1.0,1.0000000000000002,1.0,0.7894736842105265,1.0399999999999998,Mar,1.39,Spring,1.29
2024,1.24,1.44,1.39,1.31,1.16,1.24,1.2,1.3,1.23,1.33,1.29,1.26,0.9999999999999998,1.0,1.0,1.0000000000000002,1.0,0.7894736842105265,1.0399999999999998,Mar,1.39,Summer,1.25
2024,1.24,1.44,1.39,1.31,1.16,1.24,1.2,1.3,1.23,1.33,1.29,1.26,0.9999999999999998,1.0,1.0,1.0000000000000002,1.0,0.7894736842105265,1.0399999999999998,Mar,1.39,Fall,1.29
2024,1.24,1.44,1.39,1.31,1.16,1.24,1.2,1.3,1.23,1.33,1.29,1.26,0.9999999999999998,1.0,1.0,1.0000000000000002,1.0,0.7894736842105265,1.0399999999999998,Apr,1.31,Winter,1.35
2024,1.24,1.44,1.39,1.31,1.16,1.24,1.2,1.3,1.23,1.33,1.29,1.26,0.9999999999999998,1.0,1.0,1.0000000000000002,1.0,0.7894736842105265,1.0399999999999998,Apr,1.31,Spring,1.29
2024,1.24,1.44,1.39,1.31,1.16,1.24,1.2,1.3,1.23,1.33,1.29,1.26,0.9999999999999998,1.0,1.0,1.0000000000000002,1.0,0.7894736842105265,1.0399999999999998,Apr,1.31,Summer,1.25
2024,1.24,1.44,1.39,1.31,1.16,1.24,1.2,1.3,1.23,1.33,1.29,1.26,0.9999999999999998,1.0,1.0,1.0000000000000002,1.0,0.7894736842105265,1.0399999999999998,Apr,1.31,Fall,1.29
2024,1.24,1.44,1.39,1.31,1.16,1.24,1.2,1.3,1.23,1.33,1.29,1.26,0.9999999999999998,1.0,1.0,1.0000000000000002,1.0,0.7894736842105265,1.0399999999999998,May,1.16,Winter,1.35
2024,1.24,1.44,1.39,1.31,1.16,1.24,1.2,1.3,1.23,1.33,1.29,1.26,0.9999999999999998,1.0,1.0,1.0000000000000002,1.0,0.7894736842105265,1.0399999999999998,May,1.16,Spring,1.29
2024,1.24,1.44,1.39,1.31,1.16,1.24,1.2,1.3,1.23,1.33,1.29,1.26,0.9999999999999998,1.0,1.0,1.0000000000000002,1.0,0.7894736842105265,1.0399999999999998,May,1.16,Summer,1.25
2024,1.24,1.44,1.39,1.31,1.16,1.24,1.2,1.3,1.23,1.33,1.29,1.26,0.9999999999999998,1.0,1.0,1.0000000000000002,1.0,0.7894736842105265,1.0399999999999998,May,1.16,Fall,1.29
2024,1.24,1.44,1.39,1.31,1.16,1.24,1.2,1.3,1.23,1.33,1.29,1.26,0.9999999999999998,1.0,1.0,1.0000000000000002,1.0,0.7894736842105265,1.0399999999999998,Jun,1.24,Winter,1.35
2024,1.24,1.44,1.39,1.31,1.16,1.24,1.2,1.3,1.23,1.33,1.29,1.26,0.9999999999999998,1.0,1.0,1.0000000000000002,1.0,0.7894736842105265,1.0399999999999998,Jun,1.24,Spring,1.29
2024,1.24,1.44,1.39,1.31,1.16,1.24,1.2,1.3,1.23,1.33,1.29,1.26,0.9999999999999998,1.0,1.0,1.0000000000000002,1.0,0.7894736842105265,1.0399999999999998,Jun,1.24,Summer,1.25
2024,1.24,1.44,1.39,1.31,1.16,1.24,1.2,1.3,1.23,1.33,1.29,1.26,0.9999999999999998,1.0,1.0,1.0000000000000002,1.0,0.7894736842105265,1.0399999999999998,Jun,1.24,Fall,1.29
2024,1.24,1.44,1.39,1.31,1.16,1.24,1.2,1.3,1.23,1.33,1.29,1.26,0.9999999999999998,1.0,1.0,1.0000000000000002,1.0,0.7894736842105265,1.0399999999999998,Jul,1.2,Winter,1.35
2024,1.24,1.44,1.39,1.31,1.16,1.24,1.2,1.3,1.23,1.33,1.29,1.26,0.9999999999999998,1.0,1.0,1.0000000000000002,1.0,0.7894736842105265,1.0399999999999998,Jul,1.2,Spring,1.29
2024,1.24,1.44,1.39,1.31,1.16,1.24,1.2,1.3,1.23,1.33,1.29,1.26,0.9999999999999998,1.0,1.0,1.0000000000000002,1.0,0.7894736842105265,1.0399999999999998,Jul,1.2,Summer,1.25
2024,1.24,1.44,1.39,1.31,1.16,1.24,1.2,1.3,1.23,1.33,1.29,1.26,0.9999999999999998,1.0,1.0,1.0000000000000002,1.0,0.7894736842105265,1.0399999999999998,Jul,1.2,Fall,1.29
2024,1.24,1.44,1.39,1.31,1.16,1.24,1.2,1.3,1.23,1.33,1.29,1.26,0.9999999999999998,1.0,1.0,1.0000000000000002,1.0,0.7894736842105265,1.0399999999999998,Aug,1.3,Winter,1.35
2024,1.24,1.44,1.39,1.31,1.16,1.24,1.2,1.3,1.23,1.33,1.29,1.26,0.9999999999999998,1.0,1.0,1.0000000000000002,1.0,0.7894736842105265,1.0399999999999998,Aug,1.3,Spring,1.29
2024,1.24,1.44,1.39,1.31,1.16,1.24,1.2,1.3,1.23,1.33,1.29,1.26,0.9999999999999998,1.0,1.0,1.0000000000000002,1.0,0.7894736842105265,1.0399999999999998,Aug,1.3,Summer,1.25
2024,1.24,1.44,1.39,1.31,1.16,1.24,1.2,1.3,1.23,1.33,1.29,1.26,0.9999999999999998,1.0,1.0,1.0000000000000002,1.0,0.7894736842105265,1.0399999999999998,Aug,1.3,Fall,1.29
2024,1.24,1.44,1.39,1.31,1.16,1.24,1.2,1.3,1.23,1.33,1.29,1.26,0.9999999999999998,1.0,1.0,1.0000000000000002,1.0,0.7894736842105265,1.0399999999999998,Sep,1.23,Winter,1.35
2024,1.24,1.44,1.39,1.31,1.16,1.24,1.2,1.3,1.23,1.33,1.29,1.26,0.9999999999999998,1.0,1.0,1.0000000000000002,1.0,0.7894736842105265,1.0399999999999998,Sep,1.23,Spring,1.29
2024,1.24,1.44,1.39,1.31,1.16,1.24,1.2,1.3,1.23,1.33,1.29,1.26,0.9999999999999998,1.0,1.0,1.0000000000000002,1.0,0.7894736842105265,1.0399999999999998,Sep,1.23,Summer,1.25
2024,1.24,1.44,1.39,1.31,1.16,1.24,1.2,1.3,1.23,1.33,1.29,1.26,0.9999999999999998,1.0,1.0,1.0000000000000002,1.0,0.7894736842105265,1.0399999999999998,Sep,1.23,Fall,1.29
2024,1.24,1.44,1.39,1.31,1.16,1.24,1.2,1.3,1.23,1.33,1.29,1.26,0.9999999999999998,1.0,1.0,1.0000000000000002,1.0,0.7894736842105265,1.0399999999999998,Oct,1.33,Winter,1.35
2024,1.24,1.44,1.39,1.31,1.16,1.24,1.2,1.3,1.23,1.33,1.29,1.26,0.9999999999999998,1.0,1.0,1.0000000000000002,1.0,0.7894736842105265,1.0399999999999998,Oct,1.33,Spring,1.29
2024,1.24,1.44,1.39,1.31,1.16,1.24,1.2,1.3,1.23,1.33,1.29,1.26,0.9999999999999998,1.0,1.0,1.0000000000000002,1.0,0.7894736842105265,1.0399999999999998,Oct,1.33,Summer,1.25
2024,1.24,1.44,1.39,1.31,1.16,1.24,1.2,1.3,1.23,1.33,1.29,1.26,0.9999999999999998,1.0,1.0,1.0000000000000002,1.0,0.7894736842105265,1.0399999999999998,Oct,1.33,Fall,1.29
2024,1.24,1.44,1.39,1.31,1.16,1.24,1.2,1.3,1.23,1.33,1.29,1.26,0.9999999999999998,1.0,1.0,1.0000000000000002,1.0,0.7894736842105265,1.0399999999999998,Nov,1.29,Winter,1.35
2024,1.24,1.44,1.39,1.31,1.16,1.24,1.2,1.3,1.23,1.33,1.29,1.26,0.9999999999999998,1.0,1.0,1.0000000000000002,1.0,0.7894736842105265,1.0399999999999998,Nov,1.29,Spring,1.29
2024,1.24,1.44,1.39,1.31,1.16,1.24,1.2,1.3,1.23,1.33,1.29,1.26,0.9999999999999998,1.0,1.0,1.0000000000000002,1.0,0.7894736842105265,1.0399999999999998,Nov,1.29,Summer,1.25
2024,1.24,1.44,1.39,1.31,1.16,1.24,1.2,1.3,1.23,1.33,1.29,1.26,0.9999999999999998,1.0,1.0,1.0000000000000002,1.0,0.7894736842105265,1.0399999999999998,Nov,1.29,Fall,1.29
2024,1.24,1.44,1.39,1.31,1.16,1.24,1.2,1.3,1.23,1.33,1.29,1.26,0.9999999999999998,1.0,1.0,1.0000000000000002,1.0,0.7894736842105265,1.0399999999999998,Dec,1.26,Winter,1.35
2024,1.24,1.44,1.39,1.31,1.16,1.24,1.2,1.3,1.23,1.33,1.29,1.26,0.9999999999999998,1.0,1.0,1.0000000000000002,1.0,0.7894736842105265,1.0399999999999998,Dec,1.26,Spring,1.29
2024,1.24,1.44,1.39,1.31,1.16,1.24,1.2,1.3,1.23,1.33,1.29,1.26,0.9999999999999998,1.0,1.0,1.0000000000000002,1.0,0.7894736842105265,1.0399999999999998,Dec,1.26,Summer,1.25
2024,1.24,1.44,1.39,1.31,1.16,1.24,1.2,1.3,1.23,1.33,1.29,1.26,0.9999999999999998,1.0,1.0,1.0000000000000002,1.0,0.7894736842105265,1.0399999999999998,Dec,1.26,Fall,1.29
